,user,text,id,entities,favorite_count,retweet_count,created_at,coordinates,place,Polarity,Subjectivity
0,elonmusk,@teslaownersSV (Actually) Smart Summon is almost done,1582252941050023937,"{'hashtags': [], 'symbols': [], 'user_mentions': [{'screen_name': 'teslaownersSV', 'name': 'Tesla Owners Silicon Valley', 'id': 1016059981907386368, 'id_str': '1016059981907386368', 'indices': [0, 14]}], 'urls': []}",7766,423,2022-10-18,,,0.21428571428571427,0.6428571428571429
1,elonmusk,@Teslaconomics Yes,1582194537069694978,"{'hashtags': [], 'symbols': [], 'user_mentions': [{'screen_name': 'Teslaconomics', 'name': 'Teslaconomics', 'id': 985243593538338816, 'id_str': '985243593538338816', 'indices': [0, 14]}], 'urls': []}",8446,443,2022-10-18,,,0.0,0.0
2,elonmusk,@stoolpresidente I have a plan,1582187855723761664,"{'hashtags': [], 'symbols': [], 'user_mentions': [{'screen_name': 'stoolpresidente', 'name': 'Dave Portnoy', 'id': 43775786, 'id_str': '43775786', 'indices': [0, 16]}], 'urls': []}",49450,1830,2022-10-18,,,0.0,0.0
3,elonmusk,@TeslaAIBot @SpaceX @Tesla Thanks Optimus :),1582166395345068034,"{'hashtags': [], 'symbols': [], 'user_mentions': [{'screen_name': 'TeslaAIBot', 'name': 'Optimus', 'id': 1428789207825256453, 'id_str': '1428789207825256453', 'indices': [0, 11]}, {'screen_name': 'SpaceX', 'name': 'SpaceX', 'id': 34743251, 'id_str': '34743251', 'indices': [12, 19]}, {'screen_name': 'Tesla', 'name': 'Tesla', 'id': 13298072, 'id_str': '13298072', 'indices': [20, 26]}], 'urls': []}",12311,525,2022-10-18,,,0.35,0.6
4,elonmusk,"@SawyerMerritt @SpaceX To be precise, 25,300 terminals were sent to Ukraine, but, at present, only 10,630 are paying for service",1582098412501364736,"{'hashtags': [], 'symbols': [], 'user_mentions': [{'screen_name': 'SawyerMerritt', 'name': 'Sawyer Merritt', 'id': 243013409, 'id_str': '243013409', 'indices': [0, 14]}, {'screen_name': 'SpaceX', 'name': 'SpaceX', 'id': 34743251, 'id_str': '34743251', 'indices': [15, 22]}], 'urls': []}",7864,647,2022-10-17,,,0.13333333333333333,0.6
5,elonmusk,@SawyerMerritt @SpaceX SpaceX has already withdrawn its request for funding,1582097354576265217,"{'hashtags': [], 'symbols': [], 'user_mentions': [{'screen_name': 'SawyerMerritt', 'name': 'Sawyer Merritt', 'id': 243013409, 'id_str': '243013409', 'indices': [0, 14]}, {'screen_name': 'SpaceX', 'name': 'SpaceX', 'id': 34743251, 'id_str': '34743251', 'indices': [15, 22]}], 'urls': []}",46823,2816,2022-10-17,,,0.0,0.0
6,elonmusk,"@starrski71 @RenataKonkoly @EvaFoxU @kadubai11 @spideycyp_155 Wrong analogy. America also had a humiliating withdrawal from Afghanistan. No one in America sees that country as part of America.

Crimea *is* seen as a crucial part of Russia by Russia, much as Hawaii is seen as a crucial part of America.",1582009338675154944,"{'hashtags': [], 'symbols': [], 'user_mentions': [{'screen_name': 'starrski71', 'name': 'Matthew Starr', 'id': 2269951764, 'id_str': '2269951764', 'indices': [0, 11]}, {'screen_name': 'RenataKonkoly', 'name': 'Renata Konkoly üê¢ü¶î', 'id': 372959979, 'id_str': '372959979', 'indices': [12, 26]}, {'screen_name': 'EvaFoxU', 'name': 'Eva Fox ü¶äClaudius Nero‚Äôs Legion üê∫', 'id': 959471389282578432, 'id_str': '959471389282578432', 'indices': [27, 35]}, {'screen_name': 'kadubai11', 'name': 'Ukraine!', 'id': 1561606222469648386, 'id_str': '1561606222469648386', 'indices': [36, 46]}, {'screen_name': 'spideycyp_155', 'name': 'Spidey_ElonFan', 'id': 1492510878323081216, 'id_str': '1492510878323081216', 'indices': [47, 61]}], 'urls': []}",7670,833,2022-10-17,,,-0.075,0.775
7,elonmusk,@EnjoyerFive üéØü§£,1582006549567807488,"{'hashtags': [], 'symbols': [], 'user_mentions': [{'screen_name': 'EnjoyerFive', 'name': 'AverageFiveEnjoyer', 'id': 1374089851356725254, 'id_str': '1374089851356725254', 'indices': [0, 12]}], 'urls': []}",12572,308,2022-10-17,,,0.0,0.0
8,elonmusk,@PPathole @spideycyp_155 Probably not,1582005725684899840,"{'hashtags': [], 'symbols': [], 'user_mentions': [{'screen_name': 'PPathole', 'name': 'Pranay Pathole', 'id': 1291945442, 'id_str': '1291945442', 'indices': [0, 9]}, {'screen_name': 'spideycyp_155', 'name': 'Spidey_ElonFan', 'id': 1492510878323081216, 'id_str': '1492510878323081216', 'indices': [10, 24]}], 'urls': []}",1958,79,2022-10-17,,,0.0,0.0
9,elonmusk,@zerohedge Practice makes perfect ‚Ä¶,1582005487775539200,"{'hashtags': [], 'symbols': [], 'user_mentions': [{'screen_name': 'zerohedge', 'name': 'zerohedge', 'id': 18856867, 'id_str': '18856867', 'indices': [0, 10]}], 'urls': []}",41805,2582,2022-10-17,,,1.0,1.0
10,elonmusk,"@RenataKonkoly @EvaFoxU @kadubai11 @spideycyp_155 Russia has been punched in the nose and forced to retreat many times by Ukraine. 

But what you don‚Äôt want to do is give Russia a choice of total, humiliating defeat or nukes ‚Äì then the probability of them using nukes is high.",1582005061583978496,"{'hashtags': [], 'symbols': [], 'user_mentions': [{'screen_name': 'RenataKonkoly', 'name': 'Renata Konkoly üê¢ü¶î', 'id': 372959979, 'id_str': '372959979', 'indices': [0, 14]}, {'screen_name': 'EvaFoxU', 'name': 'Eva Fox ü¶äClaudius Nero‚Äôs Legion üê∫', 'id': 959471389282578432, 'id_str': '959471389282578432', 'indices': [15, 23]}, {'screen_name': 'kadubai11', 'name': 'Ukraine!', 'id': 1561606222469648386, 'id_str': '1561606222469648386', 'indices': [24, 34]}, {'screen_name': 'spideycyp_155', 'name': 'Spidey_ElonFan', 'id': 1492510878323081216, 'id_str': '1492510878323081216', 'indices': [35, 49]}], 'urls': []}",3031,220,2022-10-17,,,0.09,0.49749999999999994
11,elonmusk,"@kadubai11 @spideycyp_155 Obviously many disagree with this logic, but what do they think is their probability of being wrong about WW3. 

If they say 0%, they are utterly dangerous fools.",1582003887485382656,"{'hashtags': [], 'symbols': [], 'user_mentions': [{'screen_name': 'kadubai11', 'name': 'Ukraine!', 'id': 1561606222469648386, 'id_str': '1561606222469648386', 'indices': [0, 10]}, {'screen_name': 'spideycyp_155', 'name': 'Spidey_ElonFan', 'id': 1492510878323081216, 'id_str': '1492510878323081216', 'indices': [11, 25]}], 'urls': []}",4211,304,2022-10-17,,,-0.19999999999999998,0.7666666666666666
12,elonmusk,"@kadubai11 @spideycyp_155 But, hey, look on the bright side! At least Russia doesn‚Äôt get Crimea in that scenario, so you can be comforted by that thought, while watching the mushroom clouds rise.",1582000986432106499,"{'hashtags': [], 'symbols': [], 'user_mentions': [{'screen_name': 'kadubai11', 'name': 'Ukraine!', 'id': 1561606222469648386, 'id_str': '1561606222469648386', 'indices': [0, 10]}, {'screen_name': 'spideycyp_155', 'name': 'Spidey_ElonFan', 'id': 1492510878323081216, 'id_str': '1492510878323081216', 'indices': [11, 25]}], 'urls': []}",10218,884,2022-10-17,,,0.2875000000000001,0.6
13,elonmusk,"@kadubai11 @spideycyp_155 If Russia faces destruction of their army and utter defeat by NATO, they will use nukes, then NATO will respond with nukes and civilization is over",1581999825339699201,"{'hashtags': [], 'symbols': [], 'user_mentions': [{'screen_name': 'kadubai11', 'name': 'Ukraine!', 'id': 1561606222469648386, 'id_str': '1561606222469648386', 'indices': [0, 10]}, {'screen_name': 'spideycyp_155', 'name': 'Spidey_ElonFan', 'id': 1492510878323081216, 'id_str': '1492510878323081216', 'indices': [11, 25]}], 'urls': []}",8349,997,2022-10-17,,,0.0,1.0
14,elonmusk,"@spideycyp_155 Whether one likes it or not, Crimea is absolutely seen as a core part of Russia by Russia. 

Crimea is also of critical national security importance to Russia, as it is their southern navy base.

From their standpoint losing Crimea is like USA losing Hawaii &amp; Pearl Harbor.",1581997742821298176,"{'hashtags': [], 'symbols': [], 'user_mentions': [{'screen_name': 'spideycyp_155', 'name': 'Spidey_ElonFan', 'id': 1492510878323081216, 'id_str': '1492510878323081216', 'indices': [0, 14]}], 'urls': []}",13193,2063,2022-10-17,,,-0.15000000000000002,0.675
15,elonmusk,@hyiki22 @spideycyp_155 Exactly,1581991797038817280,"{'hashtags': [], 'symbols': [], 'user_mentions': [{'screen_name': 'hyiki22', 'name': 'hyiki', 'id': 1533369002885537793, 'id_str': '1533369002885537793', 'indices': [0, 8]}, {'screen_name': 'spideycyp_155', 'name': 'Spidey_ElonFan', 'id': 1492510878323081216, 'id_str': '1492510878323081216', 'indices': [9, 23]}], 'urls': []}",3148,130,2022-10-17,,,0.25,0.25
16,elonmusk,"@spideycyp_155 If Russia is faced with the choice of losing Crimea or using battlefield nukes, they will choose the latter.

We‚Äôve already sanctioned/cutoff Russia in every possible way, so what more do they have left to lose? 

If we nuke Russia back, they will nuke us and then we have WW3.",1581989915491172353,"{'hashtags': [], 'symbols': [], 'user_mentions': [{'screen_name': 'spideycyp_155', 'name': 'Spidey_ElonFan', 'id': 1492510878323081216, 'id_str': '1492510878323081216', 'indices': [0, 14]}], 'urls': []}",17172,2635,2022-10-17,,,0.1,0.3
17,elonmusk,Exceptionally well-said https://t.co/UT8fXG0MeF,1581986552246603776,"{'hashtags': [], 'symbols': [], 'user_mentions': [], 'urls': [{'url': 'https://t.co/UT8fXG0MeF', 'expanded_url': 'https://twitter.com/davidsacks/status/1577421981535784961', 'display_url': 'twitter.com/davidsacks/sta‚Ä¶', 'indices': [24, 47]}]}",50322,7073,2022-10-17,,,0.6666666666666666,1.0
18,elonmusk,"@rhensing @keith_dorschner @teslaownersSV Standard (non-performance) 3 &amp; Y suspension in production now has improved comfort, without affecting handling",1581982054711193601,"{'hashtags': [], 'symbols': [], 'user_mentions': [{'screen_name': 'rhensing', 'name': '√Ülectric Cyberfarmer', 'id': 17808423, 'id_str': '17808423', 'indices': [0, 9]}, {'screen_name': 'keith_dorschner', 'name': 'Keith Dorschner', 'id': 760323001539764224, 'id_str': '760323001539764224', 'indices': [10, 26]}, {'screen_name': 'teslaownersSV', 'name': 'Tesla Owners Silicon Valley', 'id': 1016059981907386368, 'id_str': '1016059981907386368', 'indices': [27, 41]}], 'urls': []}",2240,197,2022-10-17,,,0.0,0.0
19,elonmusk,"@DrKnowItAll16 @pirate3Guy @HSerunjogi Yeah, RV version is lower priority than standard version. 

You should still see high speeds during off hours. Is that happening?

As we add more satellites &amp; upgrade satellite technology, speeds in high user density locations should see significant increases.",1581976351073968128,"{'hashtags': [], 'symbols': [], 'user_mentions': [{'screen_name': 'DrKnowItAll16', 'name': 'DrKnowItAll', 'id': 1358210075236724736, 'id_str': '1358210075236724736', 'indices': [0, 14]}, {'screen_name': 'pirate3Guy', 'name': '21 Guns', 'id': 2948888068, 'id_str': '2948888068', 'indices': [15, 26]}, {'screen_name': 'HSerunjogi', 'name': 'Ham Serunjogi', 'id': 2324763302, 'id_str': '2324763302', 'indices': [27, 38]}], 'urls': []}",1447,72,2022-10-17,,,0.23900000000000002,0.491
20,elonmusk,"Ok, we will add a donate option to Starlink",1581903277347999744,"{'hashtags': [], 'symbols': [], 'user_mentions': [], 'urls': []}",66928,3714,2022-10-17,,,0.5,0.5
21,elonmusk,"@pirate3Guy @HSerunjogi That‚Äôs oddly low. Normally, much higher.",1581903026348261377,"{'hashtags': [], 'symbols': [], 'user_mentions': [{'screen_name': 'pirate3Guy', 'name': '21 Guns', 'id': 2948888068, 'id_str': '2948888068', 'indices': [0, 11]}, {'screen_name': 'HSerunjogi', 'name': 'Ham Serunjogi', 'id': 2324763302, 'id_str': '2324763302', 'indices': [12, 23]}], 'urls': []}",2170,54,2022-10-17,,,0.125,0.4
22,elonmusk,Are there others that want to donate Starlinks to places in need? https://t.co/M0ASMenMRD,1581901615552155648,"{'hashtags': [], 'symbols': [], 'user_mentions': [], 'urls': [{'url': 'https://t.co/M0ASMenMRD', 'expanded_url': 'https://twitter.com/hserunjogi/status/1581747377987194881', 'display_url': 'twitter.com/hserunjogi/sta‚Ä¶', 'indices': [66, 89]}]}",57815,4929,2022-10-17,,,0.0,0.0
23,elonmusk,@HSerunjogi Ok,1581886234896797696,"{'hashtags': [], 'symbols': [], 'user_mentions': [{'screen_name': 'HSerunjogi', 'name': 'Ham Serunjogi', 'id': 2324763302, 'id_str': '2324763302', 'indices': [0, 11]}], 'urls': []}",21197,564,2022-10-17,,,0.5,0.5
24,elonmusk,@DogecoinNorway @moxie @ID_AA_Carmack ü§£ that‚Äôs happened to me many times,1581885835926196224,"{'hashtags': [], 'symbols': [], 'user_mentions': [{'screen_name': 'DogecoinNorway', 'name': 'Doge Norway üá≥üá¥', 'id': 1376473924842758147, 'id_str': '1376473924842758147', 'indices': [0, 15]}, {'screen_name': 'moxie', 'name': 'Moxie Marlinspike', 'id': 76980293, 'id_str': '76980293', 'indices': [16, 22]}, {'screen_name': 'ID_AA_Carmack', 'name': 'John Carmack', 'id': 175624200, 'id_str': '175624200', 'indices': [23, 37]}], 'urls': []}",1500,64,2022-10-17,,,0.5,0.5
25,elonmusk,@moxie @ID_AA_Carmack A much quieter leaf blower is possible,1581884630063796224,"{'hashtags': [], 'symbols': [], 'user_mentions': [{'screen_name': 'moxie', 'name': 'Moxie Marlinspike', 'id': 76980293, 'id_str': '76980293', 'indices': [0, 6]}, {'screen_name': 'ID_AA_Carmack', 'name': 'John Carmack', 'id': 175624200, 'id_str': '175624200', 'indices': [7, 21]}], 'urls': []}",1916,97,2022-10-17,,,0.1,0.6
26,elonmusk,"@teslaownersSV This is harder than it sounds, but ok",1581765733582716930,"{'hashtags': [], 'symbols': [], 'user_mentions': [{'screen_name': 'teslaownersSV', 'name': 'Tesla Owners Silicon Valley', 'id': 1016059981907386368, 'id_str': '1016059981907386368', 'indices': [0, 14]}], 'urls': []}",6807,293,2022-10-16,,,0.2,0.25
27,elonmusk,Deus X Machina,1581764872702132224,"{'hashtags': [], 'symbols': [], 'user_mentions': [], 'urls': []}",63246,3974,2022-10-16,,,0.0,0.0
28,elonmusk,"@ChrisG_NSF We are proceeding very carefully. If there is a RUD on the pad, Starship progress will be set back by ~6 months.",1581743346153771008,"{'hashtags': [], 'symbols': [], 'user_mentions': [{'screen_name': 'ChrisG_NSF', 'name': 'Chris G - NSF', 'id': 30745844, 'id_str': '30745844', 'indices': [0, 11]}], 'urls': []}",10497,672,2022-10-16,,,-0.065,0.5
29,elonmusk,@Rainmaker1973 Game over when (not if) Earth gets hit by an object of that size,1581671300984365056,"{'hashtags': [], 'symbols': [], 'user_mentions': [{'screen_name': 'Rainmaker1973', 'name': 'Massimo', 'id': 177101260, 'id_str': '177101260', 'indices': [0, 14]}], 'urls': []}",67941,3340,2022-10-16,,,-0.4,0.4
30,elonmusk,@N_Schmid Ramen &gt;&gt; Lambos,1581661713362919424,"{'hashtags': [], 'symbols': [], 'user_mentions': [{'screen_name': 'N_Schmid', 'name': 'Schmid', 'id': 3477865576, 'id_str': '3477865576', 'indices': [0, 9]}], 'urls': []}",2934,185,2022-10-16,,,0.0,0.0
31,elonmusk,@Rainmaker1973 Used a lot in rocketry,1581661032405118978,"{'hashtags': [], 'symbols': [], 'user_mentions': [{'screen_name': 'Rainmaker1973', 'name': 'Massimo', 'id': 177101260, 'id_str': '177101260', 'indices': [0, 14]}], 'urls': []}",6778,359,2022-10-16,,,0.0,0.0
32,elonmusk,So true https://t.co/PwmxUVU2Fc,1581652738768654338,"{'hashtags': [], 'symbols': [], 'user_mentions': [], 'urls': [], 'media': [{'id': 1581652736206151680, 'id_str': '1581652736206151680', 'indices': [8, 31], 'media_url': 'http://pbs.twimg.com/media/FfMoyJuXoAAntvT.jpg', 'media_url_https': 'https://pbs.twimg.com/media/FfMoyJuXoAAntvT.jpg', 'url': 'https://t.co/PwmxUVU2Fc', 'display_url': 'pic.twitter.com/PwmxUVU2Fc', 'expanded_url': 'https://twitter.com/elonmusk/status/1581652738768654338/photo/1', 'type': 'photo', 'sizes': {'thumb': {'w': 150, 'h': 150, 'resize': 'crop'}, 'small': {'w': 680, 'h': 442, 'resize': 'fit'}, 'medium': {'w': 750, 'h': 488, 'resize': 'fit'}, 'large': {'w': 750, 'h': 488, 'resize': 'fit'}}}]}",223996,20645,2022-10-16,,,0.35,0.65
33,elonmusk,@Rainmaker1973 Every millipede has its millennia,1581650420631367681,"{'hashtags': [], 'symbols': [], 'user_mentions': [{'screen_name': 'Rainmaker1973', 'name': 'Massimo', 'id': 177101260, 'id_str': '177101260', 'indices': [0, 14]}], 'urls': []}",13127,488,2022-10-16,,,0.0,0.0
34,elonmusk,@HardcoreHistory We should bring back their outfits,1581649798209290242,"{'hashtags': [], 'symbols': [], 'user_mentions': [{'screen_name': 'HardcoreHistory', 'name': 'Dan Carlin', 'id': 20972371, 'id_str': '20972371', 'indices': [0, 16]}], 'urls': []}",15333,493,2022-10-16,,,0.0,0.0
35,elonmusk,@karpathy Good thread,1581648878201208833,"{'hashtags': [], 'symbols': [], 'user_mentions': [{'screen_name': 'karpathy', 'name': 'Andrej Karpathy', 'id': 33836629, 'id_str': '33836629', 'indices': [0, 9]}], 'urls': []}",6594,273,2022-10-16,,,0.7,0.6000000000000001
36,elonmusk,Fancy a game of meme tennis? https://t.co/d9tqIlg7nB,1581514716890865664,"{'hashtags': [], 'symbols': [], 'user_mentions': [], 'urls': [], 'media': [{'id': 1581514714466729986, 'id_str': '1581514714466729986', 'indices': [29, 52], 'media_url': 'http://pbs.twimg.com/media/FfKrQOrXwAIqGeS.jpg', 'media_url_https': 'https://pbs.twimg.com/media/FfKrQOrXwAIqGeS.jpg', 'url': 'https://t.co/d9tqIlg7nB', 'display_url': 'pic.twitter.com/d9tqIlg7nB', 'expanded_url': 'https://twitter.com/elonmusk/status/1581514716890865664/photo/1', 'type': 'photo', 'sizes': {'thumb': {'w': 150, 'h': 150, 'resize': 'crop'}, 'large': {'w': 1170, 'h': 551, 'resize': 'fit'}, 'medium': {'w': 1170, 'h': 551, 'resize': 'fit'}, 'small': {'w': 680, 'h': 320, 'resize': 'fit'}}}]}",41180,2439,2022-10-16,,,-0.4,0.4
37,elonmusk,Buy Burnt Hair from a company that digs holes!,1581513703400570880,"{'hashtags': [], 'symbols': [], 'user_mentions': [], 'urls': []}",31460,1439,2022-10-16,,,0.0,0.0
38,elonmusk,@chicago_glenn I read this as goth clowns lonely,1581510840536399872,"{'hashtags': [], 'symbols': [], 'user_mentions': [{'screen_name': 'chicago_glenn', 'name': '‚ú®Chicago‚ú®', 'id': 924966648922157056, 'id_str': '924966648922157056', 'indices': [0, 14]}], 'urls': []}",3658,136,2022-10-16,,,-0.09999999999999998,0.7
39,elonmusk,Did you hear about the dyslexic KBG agent ‚Äì it‚Äôs pot secret!,1581508126595244032,"{'hashtags': [], 'symbols': [], 'user_mentions': [], 'urls': []}",91667,4932,2022-10-16,,,-0.5,0.7
40,elonmusk,@utamadush ü§£,1581507258235904000,"{'hashtags': [], 'symbols': [], 'user_mentions': [{'screen_name': 'utamadush', 'name': 'Utamadush ü¶á üîä', 'id': 1331649732125499392, 'id_str': '1331649732125499392', 'indices': [0, 10]}], 'urls': []}",1266,40,2022-10-16,,,0.0,0.0
41,elonmusk,"Venn diagram intersection of those two audiences is pretty small, I guess",1581506733117431812,"{'hashtags': [], 'symbols': [], 'user_mentions': [], 'urls': []}",13217,475,2022-10-16,,,0.0,0.7
42,elonmusk,Not as popular as I‚Äôd hoped (sigh),1581506444310249475,"{'hashtags': [], 'symbols': [], 'user_mentions': [], 'urls': []}",15090,530,2022-10-16,,,0.6,0.9
43,elonmusk,"Pitching my idea once again for a crossover of Das Boot &amp; Boss Baby.

‚ÄúDas Baby‚Äù ‚Äì Hijinks on the high seas! https://t.co/FieRmSthp2",1581490395149926404,"{'hashtags': [], 'symbols': [], 'user_mentions': [], 'urls': [], 'media': [{'id': 1581490392842833925, 'id_str': '1581490392842833925', 'indices': [113, 136], 'media_url': 'http://pbs.twimg.com/media/FfKVIhkXEAU45Xk.jpg', 'media_url_https': 'https://pbs.twimg.com/media/FfKVIhkXEAU45Xk.jpg', 'url': 'https://t.co/FieRmSthp2', 'display_url': 'pic.twitter.com/FieRmSthp2', 'expanded_url': 'https://twitter.com/elonmusk/status/1581490395149926404/photo/1', 'type': 'photo', 'sizes': {'thumb': {'w': 150, 'h': 150, 'resize': 'crop'}, 'large': {'w': 248, 'h': 350, 'resize': 'fit'}, 'medium': {'w': 248, 'h': 350, 'resize': 'fit'}, 'small': {'w': 248, 'h': 350, 'resize': 'fit'}}}]}",28999,1793,2022-10-16,,,0.2,0.5399999999999999
44,elonmusk,"@teslaownersSV @oldmordim Just a scratch, we can buff it out",1581488923209273344,"{'hashtags': [], 'symbols': [], 'user_mentions': [{'screen_name': 'teslaownersSV', 'name': 'Tesla Owners Silicon Valley', 'id': 1016059981907386368, 'id_str': '1016059981907386368', 'indices': [0, 14]}, {'screen_name': 'oldmordim', 'name': 'üåÑMordimüåÑ', 'id': 1220052860, 'id_str': '1220052860', 'indices': [15, 25]}], 'urls': []}",3942,179,2022-10-16,,,0.0,0.0
45,elonmusk,@oldmordim Mostly accurate,1581488036499496960,"{'hashtags': [], 'symbols': [], 'user_mentions': [{'screen_name': 'oldmordim', 'name': 'üåÑMordimüåÑ', 'id': 1220052860, 'id_str': '1220052860', 'indices': [0, 10]}], 'urls': []}",2068,86,2022-10-16,,,0.4000000000000001,0.6333333333333334
46,elonmusk,The comments in this thread are a conspiracy theorist‚Äôs wet dream,1581486187310899201,"{'hashtags': [], 'symbols': [], 'user_mentions': [], 'urls': []}",59595,2187,2022-10-16,,,-0.1,0.4
47,elonmusk,@EvaFoxU Yup,1581441473882443776,"{'hashtags': [], 'symbols': [], 'user_mentions': [{'screen_name': 'EvaFoxU', 'name': 'Eva Fox ü¶äClaudius Nero‚Äôs Legion üê∫', 'id': 959471389282578432, 'id_str': '959471389282578432', 'indices': [0, 8]}], 'urls': []}",7654,283,2022-10-16,,,0.0,0.0
48,elonmusk,@EvaFoxU 7 years ago,1581430699986296832,"{'hashtags': [], 'symbols': [], 'user_mentions': [{'screen_name': 'EvaFoxU', 'name': 'Eva Fox ü¶äClaudius Nero‚Äôs Legion üê∫', 'id': 959471389282578432, 'id_str': '959471389282578432', 'indices': [0, 8]}], 'urls': []}",11298,376,2022-10-15,,,0.0,0.0
49,elonmusk,@FutureJurvetson @SpaceX Definitely one of the strangest meetings I‚Äôve ever experienced. @adeoressi was there too.,1581379103902470144,"{'hashtags': [], 'symbols': [], 'user_mentions': [{'screen_name': 'FutureJurvetson', 'name': 'Steve Jurvetson', 'id': 125499355, 'id_str': '125499355', 'indices': [0, 16]}, {'screen_name': 'SpaceX', 'name': 'SpaceX', 'id': 34743251, 'id_str': '34743251', 'indices': [17, 24]}, {'screen_name': 'adeoressi', 'name': 'adeoressi', 'id': 133188015, 'id_str': '133188015', 'indices': [89, 99]}], 'urls': []}",8576,356,2022-10-15,,,0.4,0.7
50,elonmusk,@KimDotcom @Twitter I‚Äôm trying my hardest to de-escalate this situation and obviously failing,1581378204841172992,"{'hashtags': [], 'symbols': [], 'user_mentions': [{'screen_name': 'KimDotcom', 'name': 'Kim Dotcom', 'id': 611986351, 'id_str': '611986351', 'indices': [0, 10]}, {'screen_name': 'Twitter', 'name': 'Twitter', 'id': 783214, 'id_str': '783214', 'indices': [11, 19]}], 'urls': []}",23641,1857,2022-10-15,,,0.0,0.5
51,elonmusk,"@KimDotcom @Twitter Damned if you do, damned if you don‚Äôt, so ‚Ä¶ guess I‚Äôm just damned",1581372484762226690,"{'hashtags': [], 'symbols': [], 'user_mentions': [{'screen_name': 'KimDotcom', 'name': 'Kim Dotcom', 'id': 611986351, 'id_str': '611986351', 'indices': [0, 10]}, {'screen_name': 'Twitter', 'name': 'Twitter', 'id': 783214, 'id_str': '783214', 'indices': [11, 19]}], 'urls': []}",18739,1033,2022-10-15,,,0.0,0.0
52,elonmusk,"@SawyerMerritt Starship &amp; next-gen Starlink satellites are key, but much risk lies ahead before those are working at scale",1581371571230285825,"{'hashtags': [], 'symbols': [], 'user_mentions': [{'screen_name': 'SawyerMerritt', 'name': 'Sawyer Merritt', 'id': 243013409, 'id_str': '243013409', 'indices': [0, 14]}], 'urls': []}",3687,204,2022-10-15,,,0.1,0.6
53,elonmusk,@RaheemKassam The hilarious thing is you‚Äôre not wrong ü§£,1581368246019584001,"{'hashtags': [], 'symbols': [], 'user_mentions': [{'screen_name': 'RaheemKassam', 'name': 'Raheem J. Kassam', 'id': 125128723, 'id_str': '125128723', 'indices': [0, 13]}], 'urls': []}",8315,438,2022-10-15,,,0.375,0.95
54,elonmusk,@EvaFoxU So it goes ‚Ä¶,1581367292075470848,"{'hashtags': [], 'symbols': [], 'user_mentions': [{'screen_name': 'EvaFoxU', 'name': 'Eva Fox ü¶äClaudius Nero‚Äôs Legion üê∫', 'id': 959471389282578432, 'id_str': '959471389282578432', 'indices': [0, 8]}], 'urls': []}",13307,244,2022-10-15,,,0.0,0.0
55,elonmusk,@gainzy222 Fate loves irony,1581348928934785026,"{'hashtags': [], 'symbols': [], 'user_mentions': [{'screen_name': 'gainzy222', 'name': 'gainzy', 'id': 4107711, 'id_str': '4107711', 'indices': [0, 10]}], 'urls': []}",28162,721,2022-10-15,,,0.0,0.0
56,elonmusk,"@DavidSacks Even so, we should still do good deeds",1581347686992998403,"{'hashtags': [], 'symbols': [], 'user_mentions': [{'screen_name': 'DavidSacks', 'name': 'David Sacks', 'id': 1137701, 'id_str': '1137701', 'indices': [0, 11]}], 'urls': []}",65043,2184,2022-10-15,,,0.7,0.6000000000000001
57,elonmusk,"The hell with it ‚Ä¶ even though Starlink is still losing money &amp; other companies are getting billions of taxpayer $, we‚Äôll just keep funding Ukraine govt for free",1581345747777179651,"{'hashtags': [], 'symbols': [], 'user_mentions': [], 'urls': []}",511173,39011,2022-10-15,,,0.1375,0.5875
58,elonmusk,"@Brian_J_Berger That dude is not just a ‚Äúcondition of anonymity‚Äù spineless coward, he‚Äôs also an ignorant fool. Starlink was directly requested by the Ukraine government, as it was the only thing that worked.",1581340120774426625,"{'hashtags': [], 'symbols': [], 'user_mentions': [{'screen_name': 'Brian_J_Berger', 'name': 'Brian Berger', 'id': 150732943, 'id_str': '150732943', 'indices': [0, 15]}], 'urls': []}",7659,663,2022-10-15,,,0.05,0.7
59,elonmusk,"@spideycyp_155 @PPathole @ashleevance It has required a lot of our resources. Going into super lockdown mode slows down new development progress, as we have to resist attacks from a sophisticated adversary actively at war.",1581333422575714304,"{'hashtags': [], 'symbols': [], 'user_mentions': [{'screen_name': 'spideycyp_155', 'name': 'Spidey_ElonFan', 'id': 1492510878323081216, 'id_str': '1492510878323081216', 'indices': [0, 14]}, {'screen_name': 'PPathole', 'name': 'Pranay Pathole', 'id': 1291945442, 'id_str': '1291945442', 'indices': [15, 24]}, {'screen_name': 'ashleevance', 'name': 'Ashlee Vance', 'id': 81961201, 'id_str': '81961201', 'indices': [25, 37]}], 'urls': []}",3199,241,2022-10-15,,,0.13616161616161615,0.602020202020202
60,elonmusk,"@ashleevance DoD provided about 3% of the Falcon 1 development cost. Appreciated, certainly, but should be seen in context.",1581331242389499906,"{'hashtags': [], 'symbols': [], 'user_mentions': [{'screen_name': 'ashleevance', 'name': 'Ashlee Vance', 'id': 81961201, 'id_str': '81961201', 'indices': [0, 12]}], 'urls': []}",3284,220,2022-10-15,,,0.20714285714285713,0.3357142857142857
61,elonmusk,@PPathole @ashleevance Of course. And their signal jamming systems are also getting better.,1581328221466787841,"{'hashtags': [], 'symbols': [], 'user_mentions': [{'screen_name': 'PPathole', 'name': 'Pranay Pathole', 'id': 1291945442, 'id_str': '1291945442', 'indices': [0, 9]}, {'screen_name': 'ashleevance', 'name': 'Ashlee Vance', 'id': 81961201, 'id_str': '81961201', 'indices': [10, 22]}], 'urls': []}",3242,229,2022-10-15,,,0.5,0.5
62,elonmusk,"@ashleevance The amount SpaceX is requesting for a major battlefield advantage is less than the cost of one new GPS satellite. Ironically, GPS doesn‚Äôt work on battlefields, as the signal is easy to jam, but Starlink does.",1581323301304954881,"{'hashtags': [], 'symbols': [], 'user_mentions': [{'screen_name': 'ashleevance', 'name': 'Ashlee Vance', 'id': 81961201, 'id_str': '81961201', 'indices': [0, 12]}], 'urls': []}",20188,1555,2022-10-15,,,0.11638257575757577,0.4636363636363636
63,elonmusk,"@ajtourville Would be great if someday humanity stopped pointing nukes at itself that would destroy almost all life on Earth.

In any given year, there is a chance above zero that they will be launched. We are now at the highest risk in 60 years.

https://t.co/hSqNeYHNX1",1581322383452880896,"{'hashtags': [], 'symbols': [], 'user_mentions': [{'screen_name': 'ajtourville', 'name': 'ALEX', 'id': 874776246592430080, 'id_str': '874776246592430080', 'indices': [0, 12]}], 'urls': [{'url': 'https://t.co/hSqNeYHNX1', 'expanded_url': 'https://www.nytimes.com/2022/10/06/world/europe/biden-armageddon-nuclear-war-risk.html', 'display_url': 'nytimes.com/2022/10/06/wor‚Ä¶', 'indices': [248, 271]}]}",5330,801,2022-10-15,,,0.20000000000000004,0.2833333333333333
64,elonmusk,"@WholeMarsBlog Curses, foiled again!",1581172066832699392,"{'hashtags': [], 'symbols': [], 'user_mentions': [{'screen_name': 'WholeMarsBlog', 'name': 'Whole Mars Catalog', 'id': 1263491240336769026, 'id_str': '1263491240336769026', 'indices': [0, 14]}], 'urls': []}",27323,773,2022-10-15,,,0.0,0.0
65,elonmusk,@rich_teer @ajtourville üòâ,1581148611265449984,"{'hashtags': [], 'symbols': [], 'user_mentions': [{'screen_name': 'rich_teer', 'name': 'Rich Teer', 'id': 741047000301371393, 'id_str': '741047000301371393', 'indices': [0, 10]}, {'screen_name': 'ajtourville', 'name': 'ALEX', 'id': 874776246592430080, 'id_str': '874776246592430080', 'indices': [11, 23]}], 'urls': []}",2112,77,2022-10-15,,,0.0,0.0
66,elonmusk,@mtaibbi Accurate,1581147578917261313,"{'hashtags': [], 'symbols': [], 'user_mentions': [{'screen_name': 'mtaibbi', 'name': 'Matt Taibbi', 'id': 38271276, 'id_str': '38271276', 'indices': [0, 8]}], 'urls': []}",17528,772,2022-10-15,,,0.4000000000000001,0.6333333333333334
67,elonmusk,"@ajtourville Russia has the ability to destroy USA &amp; Europe utterly with nuclear missiles in less than 30 minutes &amp; vice versa.

A surprising number of people don‚Äôt know this.

Of course, it would be MAD to use them, but it is also MAD to be in this situation at all.",1581095945131167744,"{'hashtags': [], 'symbols': [], 'user_mentions': [{'screen_name': 'ajtourville', 'name': 'ALEX', 'id': 874776246592430080, 'id_str': '874776246592430080', 'indices': [0, 12]}], 'urls': []}",25906,5505,2022-10-15,,,-0.1527777777777778,0.5944444444444444
68,elonmusk,@nichegamer This has potential,1581092738669285376,"{'hashtags': [], 'symbols': [], 'user_mentions': [{'screen_name': 'nichegamer', 'name': 'Niche Gamer', 'id': 1558996520, 'id_str': '1558996520', 'indices': [0, 11]}], 'urls': []}",7574,266,2022-10-15,,,0.0,1.0
69,elonmusk,"@rschmied @spideycyp_155 @SawyerMerritt @SpaceX Internet fiber, phone lines, cell towers &amp; other space-based comms in war areas have been destroyed. 

Starlink is all that‚Äôs left. For now.

https://t.co/CdjbOWgziz",1581092314176331776,"{'hashtags': [], 'symbols': [], 'user_mentions': [{'screen_name': 'rschmied', 'name': 'Rob Schmied', 'id': 15484430, 'id_str': '15484430', 'indices': [0, 9]}, {'screen_name': 'spideycyp_155', 'name': 'Spidey_ElonFan', 'id': 1492510878323081216, 'id_str': '1492510878323081216', 'indices': [10, 24]}, {'screen_name': 'SawyerMerritt', 'name': 'Sawyer Merritt', 'id': 243013409, 'id_str': '243013409', 'indices': [25, 39]}, {'screen_name': 'SpaceX', 'name': 'SpaceX', 'id': 34743251, 'id_str': '34743251', 'indices': [40, 47]}], 'urls': [{'url': 'https://t.co/CdjbOWgziz', 'expanded_url': 'https://www.wired.com/story/viasat-internet-hack-ukraine-russia/amp', 'display_url': 'wired.com/story/viasat-i‚Ä¶', 'indices': [194, 217]}]}",3738,375,2022-10-15,,,-0.0625,0.1875
70,elonmusk,@FedorovMykhailo Thank you for clarifying this üíôüá∫üá¶üíõ,1581085593500405760,"{'hashtags': [], 'symbols': [], 'user_mentions': [{'screen_name': 'FedorovMykhailo', 'name': 'Mykhailo Fedorov', 'id': 1331528215899344896, 'id_str': '1331528215899344896', 'indices': [0, 16]}], 'urls': []}",50459,1684,2022-10-15,,,0.0,0.0
71,elonmusk,"@StonksReddit @rschmied @spideycyp_155 @SawyerMerritt @SpaceX Starlink is the primary communications system of the Ukrainian army on the war front. If anyone else wants this job, please be my guest ‚Ä¶",1581084888995725313,"{'hashtags': [], 'symbols': [], 'user_mentions': [{'screen_name': 'StonksReddit', 'name': 'Stonks Trading‚Ñ¢', 'id': 1354546688967454725, 'id_str': '1354546688967454725', 'indices': [0, 13]}, {'screen_name': 'rschmied', 'name': 'Rob Schmied', 'id': 15484430, 'id_str': '15484430', 'indices': [14, 23]}, {'screen_name': 'spideycyp_155', 'name': 'Spidey_ElonFan', 'id': 1492510878323081216, 'id_str': '1492510878323081216', 'indices': [24, 38]}, {'screen_name': 'SawyerMerritt', 'name': 'Sawyer Merritt', 'id': 243013409, 'id_str': '243013409', 'indices': [39, 53]}, {'screen_name': 'SpaceX', 'name': 'SpaceX', 'id': 34743251, 'id_str': '34743251', 'indices': [54, 61]}], 'urls': []}",8759,1197,2022-10-15,,,0.30000000000000004,0.3
72,elonmusk,"@rschmied @spideycyp_155 @SawyerMerritt @SpaceX Big difference between peace comms vs warfront comms. 

Starlink is only comms system still working at warfront ‚Äì others all dead. 

Russia is actively trying to kill Starlink. To safeguard, SpaceX has diverted massive resources towards defense.

Even so, Starlink may still die.",1581075601049669634,"{'hashtags': [], 'symbols': [], 'user_mentions': [{'screen_name': 'rschmied', 'name': 'Rob Schmied', 'id': 15484430, 'id_str': '15484430', 'indices': [0, 9]}, {'screen_name': 'spideycyp_155', 'name': 'Spidey_ElonFan', 'id': 1492510878323081216, 'id_str': '1492510878323081216', 'indices': [10, 24]}, {'screen_name': 'SawyerMerritt', 'name': 'Sawyer Merritt', 'id': 243013409, 'id_str': '243013409', 'indices': [25, 39]}, {'screen_name': 'SpaceX', 'name': 'SpaceX', 'id': 34743251, 'id_str': '34743251', 'indices': [40, 47]}], 'urls': []}",6338,919,2022-10-15,,,-0.06666666666666668,0.62
73,elonmusk,@EvaFoxU @Nobody_Really7 @EvaKBartlett Concerning,1581060777574039558,"{'hashtags': [], 'symbols': [], 'user_mentions': [{'screen_name': 'EvaFoxU', 'name': 'Eva Fox ü¶äClaudius Nero‚Äôs Legion üê∫', 'id': 959471389282578432, 'id_str': '959471389282578432', 'indices': [0, 8]}, {'screen_name': 'Nobody_Really7', 'name': 'Nobody Really', 'id': 963137526952222720, 'id_str': '963137526952222720', 'indices': [9, 24]}, {'screen_name': 'EvaKBartlett', 'name': 'Eva Karene Bartlett', 'id': 16538546, 'id_str': '16538546', 'indices': [25, 38]}], 'urls': []}",4415,333,2022-10-14,,,0.0,0.0
74,elonmusk,@EvaFoxU @Nobody_Really7 @EvaKBartlett https://t.co/XTWjF4lv9o,1581060292955734016,"{'hashtags': [], 'symbols': [], 'user_mentions': [{'screen_name': 'EvaFoxU', 'name': 'Eva Fox ü¶äClaudius Nero‚Äôs Legion üê∫', 'id': 959471389282578432, 'id_str': '959471389282578432', 'indices': [0, 8]}, {'screen_name': 'Nobody_Really7', 'name': 'Nobody Really', 'id': 963137526952222720, 'id_str': '963137526952222720', 'indices': [9, 24]}, {'screen_name': 'EvaKBartlett', 'name': 'Eva Karene Bartlett', 'id': 16538546, 'id_str': '16538546', 'indices': [25, 38]}], 'urls': [{'url': 'https://t.co/XTWjF4lv9o', 'expanded_url': 'https://en.m.wikipedia.org/wiki/Myrotvorets', 'display_url': 'en.m.wikipedia.org/wiki/Myrotvore‚Ä¶', 'indices': [39, 62]}]}",2429,371,2022-10-14,,,0.0,0.0
75,elonmusk,@stillgray Are there citizens of nations who are helping Ukraine on this list?,1581039776651542528,"{'hashtags': [], 'symbols': [], 'user_mentions': [{'screen_name': 'stillgray', 'name': 'Ian Miles Cheong', 'id': 16106584, 'id_str': '16106584', 'indices': [0, 10]}], 'urls': []}",4755,478,2022-10-14,,,0.0,0.0
76,elonmusk,"@ajtourville But surely no reasonable person would launch nuclear war?

The problem with that logic is if we were dealing with reasonable people, we wouldn‚Äôt have war in the first place.",1581036916597657601,"{'hashtags': [], 'symbols': [], 'user_mentions': [{'screen_name': 'ajtourville', 'name': 'ALEX', 'id': 874776246592430080, 'id_str': '874776246592430080', 'indices': [0, 12]}], 'urls': []}",17715,2228,2022-10-14,,,0.11666666666666665,0.5111111111111111
77,elonmusk,@EvaKBartlett Is this list real? What‚Äôs the URL?,1581027630819979264,"{'hashtags': [], 'symbols': [], 'user_mentions': [{'screen_name': 'EvaKBartlett', 'name': 'Eva Karene Bartlett', 'id': 16538546, 'id_str': '16538546', 'indices': [0, 13]}], 'urls': []}",14643,1707,2022-10-14,,,0.2,0.30000000000000004
78,elonmusk,Yay!! https://t.co/lviRHDJZRB,1581026283303362560,"{'hashtags': [], 'symbols': [], 'user_mentions': [], 'urls': [{'url': 'https://t.co/lviRHDJZRB', 'expanded_url': 'https://twitter.com/SpaceX/status/1581026144702193664', 'display_url': 'twitter.com/SpaceX/status/‚Ä¶', 'indices': [6, 29]}]}",24805,2838,2022-10-14,,,0.0,0.0
79,elonmusk,@Rainmaker1973 People should never fear turbulence. Commercial airliner wings can handle insane amounts of bending.,1580957341200941064,"{'hashtags': [], 'symbols': [], 'user_mentions': [{'screen_name': 'Rainmaker1973', 'name': 'Massimo', 'id': 177101260, 'id_str': '177101260', 'indices': [0, 14]}], 'urls': []}",87612,3823,2022-10-14,,,-0.5,0.5
80,elonmusk,@mtaibbi The right question to ask,1580932431661608966,"{'hashtags': [], 'symbols': [], 'user_mentions': [{'screen_name': 'mtaibbi', 'name': 'Matt Taibbi', 'id': 38271276, 'id_str': '38271276', 'indices': [0, 8]}], 'urls': []}",50218,3259,2022-10-14,,,0.2857142857142857,0.5357142857142857
81,elonmusk,@officejjsmart @MelnykAndrij We‚Äôre just following his recommendation ü§∑‚Äç‚ôÇÔ∏è,1580819437824839681,"{'hashtags': [], 'symbols': [], 'user_mentions': [{'screen_name': 'officejjsmart', 'name': 'Jason Jay Smart', 'id': 888449203688677377, 'id_str': '888449203688677377', 'indices': [0, 14]}, {'screen_name': 'MelnykAndrij', 'name': 'Andrij Melnyk', 'id': 2959037001, 'id_str': '2959037001', 'indices': [15, 28]}], 'urls': []}",234012,19143,2022-10-14,,,0.0,0.1
82,elonmusk,"@narutium @SawyerMerritt Falcon can probably get Starlink past breakeven, but Starship is needed to fund Mars",1580812701869101057,"{'hashtags': [], 'symbols': [], 'user_mentions': [{'screen_name': 'narutium', 'name': 'ùîæùï£ùïñùïñùïü_ùîºùïùùïñùïûùïñùïüùï•', 'id': 67263040, 'id_str': '67263040', 'indices': [0, 9]}, {'screen_name': 'SawyerMerritt', 'name': 'Sawyer Merritt', 'id': 243013409, 'id_str': '243013409', 'indices': [10, 24]}], 'urls': []}",3889,225,2022-10-14,,,-0.25,0.25
83,elonmusk,@TeslaOwnersEBay @SawyerMerritt @SpaceX Yes,1580812045796093952,"{'hashtags': [], 'symbols': [], 'user_mentions': [{'screen_name': 'TeslaOwnersEBay', 'name': 'Tesla East Bay Club |Fremont| üá∫üá¶üïäü¶ä', 'id': 1175164547746844672, 'id_str': '1175164547746844672', 'indices': [0, 16]}, {'screen_name': 'SawyerMerritt', 'name': 'Sawyer Merritt', 'id': 243013409, 'id_str': '243013409', 'indices': [17, 31]}, {'screen_name': 'SpaceX', 'name': 'SpaceX', 'id': 34743251, 'id_str': '34743251', 'indices': [32, 39]}], 'urls': []}",2728,125,2022-10-14,,,0.0,0.0
84,elonmusk,"@spideycyp_155 @SawyerMerritt @SpaceX In addition to terminals, we have to create, launch, maintain &amp; replenish satellites &amp; ground stations &amp; pay telcos for access to Internet via gateways. 

We‚Äôve also had to defend against cyberattacks &amp; jamming, which are getting harder.

Burn is approaching ~$20M/month.",1580811694225653760,"{'hashtags': [], 'symbols': [], 'user_mentions': [{'screen_name': 'spideycyp_155', 'name': 'Spidey_ElonFan', 'id': 1492510878323081216, 'id_str': '1492510878323081216', 'indices': [0, 14]}, {'screen_name': 'SawyerMerritt', 'name': 'Sawyer Merritt', 'id': 243013409, 'id_str': '243013409', 'indices': [15, 29]}, {'screen_name': 'SpaceX', 'name': 'SpaceX', 'id': 34743251, 'id_str': '34743251', 'indices': [30, 37]}], 'urls': []}",8153,1114,2022-10-14,,,-0.05,0.0
85,elonmusk,"@SawyerMerritt Also, Starlink is still losing money! It is insanely difficult for a LEO communications constellation to avoid bankruptcy ‚Äì that was the fate of every company that tried this before.

When asked what the goal of Starlink was at a space conference, I said ‚Äúnot go bankrupt‚Äù.",1580809382958227458,"{'hashtags': [], 'symbols': [], 'user_mentions': [{'screen_name': 'SawyerMerritt', 'name': 'Sawyer Merritt', 'id': 243013409, 'id_str': '243013409', 'indices': [0, 14]}], 'urls': []}",5467,473,2022-10-14,,,-0.5,1.0
86,elonmusk,@BogusThought @SawyerMerritt @rfdctr Maybe the üêà got their üëÖ,1580807902570246145,"{'hashtags': [], 'symbols': [], 'user_mentions': [{'screen_name': 'BogusThought', 'name': 'ùêÅùê®ùê†ùêÆùê¨ùêìùê°ùê®ùêÆùê†ùê°ùê≠ - Tesla AI, Texas', 'id': 1266489338675646464, 'id_str': '1266489338675646464', 'indices': [0, 13]}, {'screen_name': 'SawyerMerritt', 'name': 'Sawyer Merritt', 'id': 243013409, 'id_str': '243013409', 'indices': [14, 28]}, {'screen_name': 'rfdctr', 'name': 'Kyle', 'id': 1573760358, 'id_str': '1573760358', 'indices': [29, 36]}], 'urls': []}",4641,259,2022-10-14,,,0.0,0.0
87,elonmusk,@spideycyp_155 @SawyerMerritt @rfdctr @SpaceX Very few in Iran so far,1580807628350836738,"{'hashtags': [], 'symbols': [], 'user_mentions': [{'screen_name': 'spideycyp_155', 'name': 'Spidey_ElonFan', 'id': 1492510878323081216, 'id_str': '1492510878323081216', 'indices': [0, 14]}, {'screen_name': 'SawyerMerritt', 'name': 'Sawyer Merritt', 'id': 243013409, 'id_str': '243013409', 'indices': [15, 29]}, {'screen_name': 'rfdctr', 'name': 'Kyle', 'id': 1573760358, 'id_str': '1573760358', 'indices': [30, 37]}, {'screen_name': 'SpaceX', 'name': 'SpaceX', 'id': 34743251, 'id_str': '34743251', 'indices': [38, 45]}], 'urls': []}",2454,128,2022-10-14,,,-0.08,0.565
88,elonmusk,"@SawyerMerritt Strange that nothing was leaked about our competitors in space launch &amp; communications, Lockheed &amp; Boeing, who get over $60B ‚Ä¶

Wouldn‚Äôt be surprised to find this particular individual working there when he retires from DoD. Corruption at its finest.",1580806048050343936,"{'hashtags': [], 'symbols': [], 'user_mentions': [{'screen_name': 'SawyerMerritt', 'name': 'Sawyer Merritt', 'id': 243013409, 'id_str': '243013409', 'indices': [0, 14]}], 'urls': []}",8440,1181,2022-10-14,,,0.05416666666666667,0.4458333333333333
89,elonmusk,"@SawyerMerritt @rfdctr SpaceX is not asking to recoup past expenses, but also cannot fund the existing system indefinitely *and* send several thousand more terminals that have data usage up to 100X greater than typical households. This is unreasonable.",1580802376973230080,"{'hashtags': [], 'symbols': [], 'user_mentions': [{'screen_name': 'SawyerMerritt', 'name': 'Sawyer Merritt', 'id': 243013409, 'id_str': '243013409', 'indices': [0, 14]}, {'screen_name': 'rfdctr', 'name': 'Kyle', 'id': 1573760358, 'id_str': '1573760358', 'indices': [15, 22]}], 'urls': []}",6318,666,2022-10-14,,,0.11666666666666667,0.35
90,elonmusk,@MuskUniversity Vital to the future of consciousness,1580641303721037824,"{'hashtags': [], 'symbols': [], 'user_mentions': [{'screen_name': 'MuskUniversity', 'name': 'Musk University | Quotes', 'id': 1495956968640421893, 'id_str': '1495956968640421893', 'indices': [0, 15]}], 'urls': []}",12978,673,2022-10-13,,,0.05,0.2625
91,elonmusk,@andst7 ü§£,1580630560765943808,"{'hashtags': [], 'symbols': [], 'user_mentions': [{'screen_name': 'andst7', 'name': ""Septimus üê∫ Claudius Nero's Legion üê∫"", 'id': 541882699, 'id_str': '541882699', 'indices': [0, 7]}], 'urls': []}",11885,276,2022-10-13,,,0.0,0.0
92,elonmusk,@BogusThought srsly,1580612226129760257,"{'hashtags': [], 'symbols': [], 'user_mentions': [{'screen_name': 'BogusThought', 'name': 'ùêÅùê®ùê†ùêÆùê¨ùêìùê°ùê®ùêÆùê†ùê°ùê≠ - Tesla AI, Texas', 'id': 1266489338675646464, 'id_str': '1266489338675646464', 'indices': [0, 13]}], 'urls': []}",5838,189,2022-10-13,,,0.0,0.0
93,elonmusk,@teslaownersSV @JohnnaCrider1 Next week,1580602654966788096,"{'hashtags': [], 'symbols': [], 'user_mentions': [{'screen_name': 'teslaownersSV', 'name': 'Tesla Owners Silicon Valley', 'id': 1016059981907386368, 'id_str': '1016059981907386368', 'indices': [0, 14]}, {'screen_name': 'JohnnaCrider1', 'name': 'Johnna Crider', 'id': 1957568797, 'id_str': '1957568797', 'indices': [15, 29]}], 'urls': []}",3946,204,2022-10-13,,,0.0,0.0
94,elonmusk,@JohnnaCrider1 Envy has driven him to madness,1580601578310230016,"{'hashtags': [], 'symbols': [], 'user_mentions': [{'screen_name': 'JohnnaCrider1', 'name': 'Johnna Crider', 'id': 1957568797, 'id_str': '1957568797', 'indices': [0, 14]}], 'urls': []}",27101,1190,2022-10-13,,,0.0,0.0
95,elonmusk,"@leehumerian Starlink requires nothing except ~50 Watt power source. With a small solar system plus battery or a generator, you will have connectivity anywhere.",1580600379074523136,"{'hashtags': [], 'symbols': [], 'user_mentions': [{'screen_name': 'leehumerian', 'name': 'Lee Humerian', 'id': 17568676, 'id_str': '17568676', 'indices': [0, 12]}], 'urls': []}",3273,234,2022-10-13,,,-0.25,0.4
96,elonmusk,@OwenSparks_ @spideycyp_155 @FedorovMykhailo @SpaceX True,1580597894205145106,"{'hashtags': [], 'symbols': [], 'user_mentions': [{'screen_name': 'OwenSparks_', 'name': 'Owen Sparks üåç', 'id': 829829626180599808, 'id_str': '829829626180599808', 'indices': [0, 12]}, {'screen_name': 'spideycyp_155', 'name': 'Spidey_ElonFan', 'id': 1492510878323081216, 'id_str': '1492510878323081216', 'indices': [13, 27]}, {'screen_name': 'FedorovMykhailo', 'name': 'Mykhailo Fedorov', 'id': 1331528215899344896, 'id_str': '1331528215899344896', 'indices': [28, 44]}, {'screen_name': 'SpaceX', 'name': 'SpaceX', 'id': 34743251, 'id_str': '34743251', 'indices': [45, 52]}], 'urls': []}",2189,81,2022-10-13,,,0.35,0.65
97,elonmusk,@spideycyp_155 @FedorovMykhailo @SpaceX There are some active terminals,1580597356184993801,"{'hashtags': [], 'symbols': [], 'user_mentions': [{'screen_name': 'spideycyp_155', 'name': 'Spidey_ElonFan', 'id': 1492510878323081216, 'id_str': '1492510878323081216', 'indices': [0, 14]}, {'screen_name': 'FedorovMykhailo', 'name': 'Mykhailo Fedorov', 'id': 1331528215899344896, 'id_str': '1331528215899344896', 'indices': [15, 31]}, {'screen_name': 'SpaceX', 'name': 'SpaceX', 'id': 34743251, 'id_str': '34743251', 'indices': [32, 39]}], 'urls': []}",4581,762,2022-10-13,,,-0.13333333333333333,0.6
98,elonmusk,"@spideycyp_155 @FedorovMykhailo @SpaceX Of course, this happens almost every day. They successfully destroyed Viasat in Ukraine several months ago. https://t.co/xrrAMqfsZY",1580596920103206915,"{'hashtags': [], 'symbols': [], 'user_mentions': [{'screen_name': 'spideycyp_155', 'name': 'Spidey_ElonFan', 'id': 1492510878323081216, 'id_str': '1492510878323081216', 'indices': [0, 14]}, {'screen_name': 'FedorovMykhailo', 'name': 'Mykhailo Fedorov', 'id': 1331528215899344896, 'id_str': '1331528215899344896', 'indices': [15, 31]}, {'screen_name': 'SpaceX', 'name': 'SpaceX', 'id': 34743251, 'id_str': '34743251', 'indices': [32, 39]}], 'urls': [{'url': 'https://t.co/xrrAMqfsZY', 'expanded_url': 'https://www.technologyreview.com/2022/05/10/1051973/russia-hack-viasat-satellite-ukraine-invasion/amp/', 'display_url': 'technologyreview.com/2022/05/10/105‚Ä¶', 'indices': [148, 171]}]}",1325,100,2022-10-13,,,0.375,0.475
99,elonmusk,"@spideycyp_155 @FedorovMykhailo @SpaceX Starlink has faced relentless jamming attacks &amp; SpaceX relentless cyberwar. So far, their success has been limited.",1580594379751686149,"{'hashtags': [], 'symbols': [], 'user_mentions': [{'screen_name': 'spideycyp_155', 'name': 'Spidey_ElonFan', 'id': 1492510878323081216, 'id_str': '1492510878323081216', 'indices': [0, 14]}, {'screen_name': 'FedorovMykhailo', 'name': 'Mykhailo Fedorov', 'id': 1331528215899344896, 'id_str': '1331528215899344896', 'indices': [15, 31]}, {'screen_name': 'SpaceX', 'name': 'SpaceX', 'id': 34743251, 'id_str': '34743251', 'indices': [32, 39]}], 'urls': []}",3304,324,2022-10-13,,,0.10952380952380954,0.38095238095238093
100,elonmusk,@KoguanLeo Noted,1580573359603322881,"{'hashtags': [], 'symbols': [], 'user_mentions': [{'screen_name': 'KoguanLeo', 'name': 'KoGuan Leo', 'id': 998472493605076993, 'id_str': '998472493605076993', 'indices': [0, 10]}], 'urls': []}",5313,497,2022-10-13,,,0.0,0.0
101,elonmusk,@FedorovMykhailo Starlink data usage growth in Ukraine https://t.co/c4IWNwKwLR,1580572380535001088,"{'hashtags': [], 'symbols': [], 'user_mentions': [{'screen_name': 'FedorovMykhailo', 'name': 'Mykhailo Fedorov', 'id': 1331528215899344896, 'id_str': '1331528215899344896', 'indices': [0, 16]}], 'urls': [], 'media': [{'id': 1580572377339105283, 'id_str': '1580572377339105283', 'indices': [55, 78], 'media_url': 'http://pbs.twimg.com/media/Fe9SM_UXkAMZ2wZ.jpg', 'media_url_https': 'https://pbs.twimg.com/media/Fe9SM_UXkAMZ2wZ.jpg', 'url': 'https://t.co/c4IWNwKwLR', 'display_url': 'pic.twitter.com/c4IWNwKwLR', 'expanded_url': 'https://twitter.com/elonmusk/status/1580572380535001088/photo/1', 'type': 'photo', 'sizes': {'small': {'w': 680, 'h': 289, 'resize': 'fit'}, 'thumb': {'w': 150, 'h': 150, 'resize': 'crop'}, 'large': {'w': 1830, 'h': 777, 'resize': 'fit'}, 'medium': {'w': 1200, 'h': 510, 'resize': 'fit'}}}]}",5851,555,2022-10-13,,,0.0,0.0
102,elonmusk,@RobLockwood @JeffBezos https://t.co/1EwWyqvwkr,1580557095232950273,"{'hashtags': [], 'symbols': [], 'user_mentions': [{'screen_name': 'RobLockwood', 'name': 'Rob Lockwood', 'id': 25928457, 'id_str': '25928457', 'indices': [0, 12]}, {'screen_name': 'JeffBezos', 'name': 'Jeff Bezos', 'id': 15506669, 'id_str': '15506669', 'indices': [13, 23]}], 'urls': [{'url': 'https://t.co/1EwWyqvwkr', 'expanded_url': 'https://www.usdebtclock.org', 'display_url': 'usdebtclock.org', 'indices': [24, 47]}]}",5226,385,2022-10-13,,,0.0,0.0
103,elonmusk,"20,000!!",1580390454130266112,"{'hashtags': [], 'symbols': [], 'user_mentions': [], 'urls': []}",196489,10280,2022-10-13,,,0.0,0.0
104,elonmusk,@RGVaerialphotos Cool,1580362294734639104,"{'hashtags': [], 'symbols': [], 'user_mentions': [{'screen_name': 'RGVaerialphotos', 'name': 'RGV Aerial Photography', 'id': 752724282925412352, 'id_str': '752724282925412352', 'indices': [0, 16]}], 'urls': []}",6490,199,2022-10-13,,,0.35,0.65
105,elonmusk,@ByeonChansoo @garyblack00 Maybe with .3,1580361856442830848,"{'hashtags': [], 'symbols': [], 'user_mentions': [{'screen_name': 'ByeonChansoo', 'name': 'Chansoo Byeon', 'id': 1017486609707667456, 'id_str': '1017486609707667456', 'indices': [0, 13]}, {'screen_name': 'garyblack00', 'name': 'Gary Black', 'id': 1161703589942878208, 'id_str': '1161703589942878208', 'indices': [14, 26]}], 'urls': []}",1607,67,2022-10-13,,,0.0,0.0
106,elonmusk,This is real,1580350253454487552,"{'hashtags': [], 'symbols': [], 'user_mentions': [], 'urls': []}",95236,3613,2022-10-13,,,0.2,0.30000000000000004
107,elonmusk,https://t.co/WLVh5zBiO5,1580350143445942272,"{'hashtags': [], 'symbols': [], 'user_mentions': [], 'urls': [], 'media': [{'id': 1580350138391924737, 'id_str': '1580350138391924737', 'indices': [0, 23], 'media_url': 'http://pbs.twimg.com/media/Fe6IE-uXEAEGoBT.jpg', 'media_url_https': 'https://pbs.twimg.com/media/Fe6IE-uXEAEGoBT.jpg', 'url': 'https://t.co/WLVh5zBiO5', 'display_url': 'pic.twitter.com/WLVh5zBiO5', 'expanded_url': 'https://twitter.com/elonmusk/status/1580350143445942272/photo/1', 'type': 'photo', 'sizes': {'thumb': {'w': 150, 'h': 150, 'resize': 'crop'}, 'small': {'w': 486, 'h': 680, 'resize': 'fit'}, 'large': {'w': 1464, 'h': 2048, 'resize': 'fit'}, 'medium': {'w': 858, 'h': 1200, 'resize': 'fit'}}}]}",301948,19470,2022-10-13,,,0.0,0.0
108,elonmusk,"@Teslarati @JohnnaCrider1 üéØ ‚ÄúMy opinion is Burnt Hair is just Elon saying, chill out, have a laugh, and share a laugh.‚Äù",1580331940800258048,"{'hashtags': [], 'symbols': [], 'user_mentions': [{'screen_name': 'Teslarati', 'name': 'TESLARATI', 'id': 1308211178, 'id_str': '1308211178', 'indices': [0, 10]}, {'screen_name': 'JohnnaCrider1', 'name': 'Johnna Crider', 'id': 1957568797, 'id_str': '1957568797', 'indices': [11, 25]}], 'urls': []}",15568,943,2022-10-12,,,0.3,0.1
109,elonmusk,@WholeMarsBlog Oh the irony ü§£ü§£,1580329800161714177,"{'hashtags': [], 'symbols': [], 'user_mentions': [{'screen_name': 'WholeMarsBlog', 'name': 'Whole Mars Catalog', 'id': 1263491240336769026, 'id_str': '1263491240336769026', 'indices': [0, 14]}], 'urls': []}",13928,441,2022-10-12,,,0.0,0.0
110,elonmusk,"We might need a different name, as this is basically just Starlink with roaming capability, so you can take your terminal anywhere. https://t.co/gnH0YPPVOS",1580312743563104256,"{'hashtags': [], 'symbols': [], 'user_mentions': [], 'urls': [{'url': 'https://t.co/gnH0YPPVOS', 'expanded_url': 'https://twitter.com/spacex/status/1580294743749107713', 'display_url': 'twitter.com/spacex/status/‚Ä¶', 'indices': [132, 155]}]}",26123,1980,2022-10-12,,,0.0,0.6
111,elonmusk,@teslaownersSV The counter-intuitive thing is that it‚Äôs actually gonna be a sick product!,1580307136952692737,"{'hashtags': [], 'symbols': [], 'user_mentions': [{'screen_name': 'teslaownersSV', 'name': 'Tesla Owners Silicon Valley', 'id': 1016059981907386368, 'id_str': '1016059981907386368', 'indices': [0, 14]}], 'urls': []}",16040,473,2022-10-12,,,-0.44642857142857145,0.47857142857142854
112,elonmusk,"Please buy my perfume, so I can buy Twitter",1580304724082843648,"{'hashtags': [], 'symbols': [], 'user_mentions': [], 'urls': []}",581467,43145,2022-10-12,,,0.0,0.0
113,elonmusk,And right on cue ü§£ü§£ ‚Ä¶ https://t.co/RysKrHeJfi,1580293787292954624,"{'hashtags': [], 'symbols': [], 'user_mentions': [], 'urls': [{'url': 'https://t.co/RysKrHeJfi', 'expanded_url': 'https://www.reuters.com/lifestyle/oddly-enough/elon-musk-sells-1-million-worth-quirky-new-perfume-burnt-hair-2022-10-12/', 'display_url': 'reuters.com/lifestyle/oddl‚Ä¶', 'indices': [22, 45]}]}",32529,1932,2022-10-12,,,0.2857142857142857,0.5357142857142857
114,elonmusk,@FedorovMykhailo You‚Äôre most welcome. Glad to support Ukraine.,1580275534696951809,"{'hashtags': [], 'symbols': [], 'user_mentions': [{'screen_name': 'FedorovMykhailo', 'name': 'Mykhailo Fedorov', 'id': 1331528215899344896, 'id_str': '1331528215899344896', 'indices': [0, 16]}], 'urls': []}",54975,2111,2022-10-12,,,0.6,0.7999999999999999
115,elonmusk,Doesn‚Äôt get more lit than this!,1580060154720321536,"{'hashtags': [], 'symbols': [], 'user_mentions': [], 'urls': []}",27553,1313,2022-10-12,,,0.625,0.5
116,elonmusk,BE the change you want in the world!,1580058973461680128,"{'hashtags': [], 'symbols': [], 'user_mentions': [], 'urls': []}",36959,3368,2022-10-12,,,0.0,0.0
117,elonmusk,Can‚Äôt wait for media stories tomorrow about $1M of Burnt Hair sold ü§£,1580057266795212801,"{'hashtags': [], 'symbols': [], 'user_mentions': [], 'urls': []}",53159,2431,2022-10-12,,,0.0,0.0
118,elonmusk,"10,000 bottles of Burnt Hair sold!",1580056291082280960,"{'hashtags': [], 'symbols': [], 'user_mentions': [], 'urls': []}",79531,3958,2022-10-12,,,0.0,0.0
119,elonmusk,@Kristennetten üíØüéØ,1580009548852899840,"{'hashtags': [], 'symbols': [], 'user_mentions': [{'screen_name': 'Kristennetten', 'name': 'K10‚ú®', 'id': 985686123123949568, 'id_str': '985686123123949568', 'indices': [0, 14]}], 'urls': []}",5014,213,2022-10-12,,,0.0,0.0
120,elonmusk,Over 5000 bottles of Burnt Hair sold!,1579994860802932736,"{'hashtags': [], 'symbols': [], 'user_mentions': [], 'urls': []}",66693,4322,2022-10-12,,,0.0,0.0
121,elonmusk,An omnigender product,1579975550919413761,"{'hashtags': [], 'symbols': [], 'user_mentions': [], 'urls': []}",23152,942,2022-10-11,,,0.0,0.0
122,elonmusk,https://t.co/WDtHXqgUPx,1579974961267060738,"{'hashtags': [], 'symbols': [], 'user_mentions': [], 'urls': [], 'media': [{'id': 1579974956087123971, 'id_str': '1579974956087123971', 'indices': [0, 23], 'media_url': 'http://pbs.twimg.com/media/Fe0y2fuWIAMAYBv.jpg', 'media_url_https': 'https://pbs.twimg.com/media/Fe0y2fuWIAMAYBv.jpg', 'url': 'https://t.co/WDtHXqgUPx', 'display_url': 'pic.twitter.com/WDtHXqgUPx', 'expanded_url': 'https://twitter.com/elonmusk/status/1579974961267060738/photo/1', 'type': 'photo', 'sizes': {'thumb': {'w': 150, 'h': 150, 'resize': 'crop'}, 'medium': {'w': 960, 'h': 960, 'resize': 'fit'}, 'small': {'w': 680, 'h': 680, 'resize': 'fit'}, 'large': {'w': 960, 'h': 960, 'resize': 'fit'}}}]}",238402,29579,2022-10-11,,,0.0,0.0
123,elonmusk,"With a name like mine, getting into the fragrance business was inevitable ‚Äì why did I even fight it for so long!?",1579974298156306432,"{'hashtags': [], 'symbols': [], 'user_mentions': [], 'urls': []}",231643,13135,2022-10-11,,,-0.03125,0.7
124,elonmusk,And you can pay with Doge!,1579972303647301632,"{'hashtags': [], 'symbols': [], 'user_mentions': [], 'urls': []}",37391,2678,2022-10-11,,,0.0,0.0
125,elonmusk,"The finest fragrance on Earth!
https://t.co/ohjWxNX5ZC https://t.co/0J1lmREOBS",1579971705447256064,"{'hashtags': [], 'symbols': [], 'user_mentions': [], 'urls': [{'url': 'https://t.co/ohjWxNX5ZC', 'expanded_url': 'http://boringcompany.com/burnthair', 'display_url': 'boringcompany.com/burnthair', 'indices': [31, 54]}], 'media': [{'id': 1579971702020358144, 'id_str': '1579971702020358144', 'indices': [55, 78], 'media_url': 'http://pbs.twimg.com/media/Fe0v5FYXwAAIisv.jpg', 'media_url_https': 'https://pbs.twimg.com/media/Fe0v5FYXwAAIisv.jpg', 'url': 'https://t.co/0J1lmREOBS', 'display_url': 'pic.twitter.com/0J1lmREOBS', 'expanded_url': 'https://twitter.com/elonmusk/status/1579971705447256064/photo/1', 'type': 'photo', 'sizes': {'thumb': {'w': 150, 'h': 150, 'resize': 'crop'}, 'large': {'w': 1200, 'h': 1254, 'resize': 'fit'}, 'medium': {'w': 1148, 'h': 1200, 'resize': 'fit'}, 'small': {'w': 651, 'h': 680, 'resize': 'fit'}}}]}",126326,12458,2022-10-11,,,0.0,0.0
126,elonmusk,@ianbremmer Nobody should trust Bremmer,1579946607151546368,"{'hashtags': [], 'symbols': [], 'user_mentions': [{'screen_name': 'ianbremmer', 'name': 'ian bremmer', 'id': 60783724, 'id_str': '60783724', 'indices': [0, 11]}], 'urls': []}",131426,7435,2022-10-11,,,0.0,0.0
127,elonmusk,Maybe one day we can finally achieve https://t.co/jKBu2wJIDA,1579938196095655936,"{'hashtags': [], 'symbols': [], 'user_mentions': [], 'urls': [], 'media': [{'id': 1579938193125908480, 'id_str': '1579938193125908480', 'indices': [37, 60], 'media_url': 'http://pbs.twimg.com/media/Fe0RanBXoAA4hxf.jpg', 'media_url_https': 'https://pbs.twimg.com/media/Fe0RanBXoAA4hxf.jpg', 'url': 'https://t.co/jKBu2wJIDA', 'display_url': 'pic.twitter.com/jKBu2wJIDA', 'expanded_url': 'https://twitter.com/elonmusk/status/1579938196095655936/photo/1', 'type': 'photo', 'sizes': {'thumb': {'w': 150, 'h': 150, 'resize': 'crop'}, 'large': {'w': 318, 'h': 263, 'resize': 'fit'}, 'medium': {'w': 318, 'h': 263, 'resize': 'fit'}, 'small': {'w': 318, 'h': 263, 'resize': 'fit'}}}]}",154217,10787,2022-10-11,,,0.0,1.0
128,elonmusk,"The next question one is typically asked is ‚ÄúHave you tried ayahuasca?‚Äù
https://t.co/zo3Lw6nlxw",1579935931850973184,"{'hashtags': [], 'symbols': [], 'user_mentions': [], 'urls': [{'url': 'https://t.co/zo3Lw6nlxw', 'expanded_url': 'https://www.theonion.com/ayahuasca-shaman-dreading-another-week-of-guiding-tech-1819578907/amp', 'display_url': 'theonion.com/ayahuasca-sham‚Ä¶', 'indices': [72, 95]}]}",17323,991,2022-10-11,,,-0.08333333333333333,0.25
129,elonmusk,https://t.co/Q31B9x4RCH,1579934616429158400,"{'hashtags': [], 'symbols': [], 'user_mentions': [], 'urls': [], 'media': [{'id': 1579934611559387136, 'id_str': '1579934611559387136', 'indices': [0, 23], 'media_url': 'http://pbs.twimg.com/media/Fe0OKIpXkAA03Vk.jpg', 'media_url_https': 'https://pbs.twimg.com/media/Fe0OKIpXkAA03Vk.jpg', 'url': 'https://t.co/Q31B9x4RCH', 'display_url': 'pic.twitter.com/Q31B9x4RCH', 'expanded_url': 'https://twitter.com/elonmusk/status/1579934616429158400/photo/1', 'type': 'photo', 'sizes': {'thumb': {'w': 150, 'h': 150, 'resize': 'crop'}, 'small': {'w': 648, 'h': 680, 'resize': 'fit'}, 'large': {'w': 828, 'h': 869, 'resize': 'fit'}, 'medium': {'w': 828, 'h': 869, 'resize': 'fit'}}}]}",67254,4964,2022-10-11,,,0.0,0.0
130,elonmusk,@JoshuaPGallaway @Susiecmd @CYBERTRCK @LindseyGrahamSC Not subtle,1579895855871823877,"{'hashtags': [], 'symbols': [], 'user_mentions': [{'screen_name': 'JoshuaPGallaway', 'name': 'Joshua Gallaway', 'id': 152394524, 'id_str': '152394524', 'indices': [0, 16]}, {'screen_name': 'Susiecmd', 'name': 'Susan c. Callahan üá∫üá¶üá∫üá¶üá∫üá¶', 'id': 993217350005600256, 'id_str': '993217350005600256', 'indices': [17, 26]}, {'screen_name': 'CYBERTRCK', 'name': 'Scott', 'id': 2914348238, 'id_str': '2914348238', 'indices': [27, 37]}, {'screen_name': 'LindseyGrahamSC', 'name': 'Lindsey Graham', 'id': 432895323, 'id_str': '432895323', 'indices': [38, 54]}], 'urls': []}",1565,77,2022-10-11,,,0.16666666666666666,0.5
131,elonmusk,"@SamHarrisOrg @tegmark Sam, there is a such a thing as meditating too much",1579890075475005440,"{'hashtags': [], 'symbols': [], 'user_mentions': [{'screen_name': 'SamHarrisOrg', 'name': 'Sam Harris', 'id': 116994659, 'id_str': '116994659', 'indices': [0, 13]}, {'screen_name': 'tegmark', 'name': 'Max Tegmark', 'id': 2530947115, 'id_str': '2530947115', 'indices': [14, 22]}], 'urls': []}",11488,651,2022-10-11,,,0.1,0.35
132,elonmusk,"@teslaownersSV @PPathole @NorthmanTrader Yes, back to regularly scheduled programming",1579887332647665664,"{'hashtags': [], 'symbols': [], 'user_mentions': [{'screen_name': 'teslaownersSV', 'name': 'Tesla Owners Silicon Valley', 'id': 1016059981907386368, 'id_str': '1016059981907386368', 'indices': [0, 14]}, {'screen_name': 'PPathole', 'name': 'Pranay Pathole', 'id': 1291945442, 'id_str': '1291945442', 'indices': [15, 24]}, {'screen_name': 'NorthmanTrader', 'name': 'Sven Henrich', 'id': 714051110, 'id_str': '714051110', 'indices': [25, 40]}], 'urls': []}",6668,300,2022-10-11,,,0.0,0.038461538461538464
133,elonmusk,"@PPathole @NorthmanTrader Pointless, as there is currently no overlap between Russian and Ukrainian demands ‚Äì it‚Äôs not even close",1579886978484822016,"{'hashtags': [], 'symbols': [], 'user_mentions': [{'screen_name': 'PPathole', 'name': 'Pranay Pathole', 'id': 1291945442, 'id_str': '1291945442', 'indices': [0, 9]}, {'screen_name': 'NorthmanTrader', 'name': 'Sven Henrich', 'id': 714051110, 'id_str': '714051110', 'indices': [10, 25]}], 'urls': []}",9698,509,2022-10-11,,,-0.08333333333333333,0.3
134,elonmusk,"@NorthmanTrader No, it is not. I have spoken to Putin only once and that was about 18 months ago. The subject matter was space.",1579879154463690752,"{'hashtags': [], 'symbols': [], 'user_mentions': [{'screen_name': 'NorthmanTrader', 'name': 'Sven Henrich', 'id': 714051110, 'id_str': '714051110', 'indices': [0, 15]}], 'urls': []}",125200,8549,2022-10-11,,,-0.08333333333333333,0.6666666666666666
135,elonmusk,"@kanyewest Talked to ye today &amp; expressed my concerns about his recent tweet, which I think he took to heart",1579627776231247874,"{'hashtags': [], 'symbols': [], 'user_mentions': [{'screen_name': 'kanyewest', 'name': 'ye', 'id': 169686021, 'id_str': '169686021', 'indices': [0, 10]}], 'urls': []}",55262,2421,2022-10-11,,,0.0,0.25
136,elonmusk,@Teslarati @JohnnaCrider1 It was built &amp; paid for at my request. Hunter &amp; team did great work.,1579600228826591233,"{'hashtags': [], 'symbols': [], 'user_mentions': [{'screen_name': 'Teslarati', 'name': 'TESLARATI', 'id': 1308211178, 'id_str': '1308211178', 'indices': [0, 10]}, {'screen_name': 'JohnnaCrider1', 'name': 'Johnna Crider', 'id': 1957568797, 'id_str': '1957568797', 'indices': [11, 25]}], 'urls': []}",13496,571,2022-10-10,,,0.8,0.75
137,elonmusk,@CathieDWood üíØ,1579299680491823104,"{'hashtags': [], 'symbols': [], 'user_mentions': [{'screen_name': 'CathieDWood', 'name': 'Cathie Wood', 'id': 2361631088, 'id_str': '2361631088', 'indices': [0, 12]}], 'urls': []}",12353,582,2022-10-10,,,0.0,0.0
138,elonmusk,@WholeMarsBlog It will,1579263949945835521,"{'hashtags': [], 'symbols': [], 'user_mentions': [{'screen_name': 'WholeMarsBlog', 'name': 'Whole Mars Catalog', 'id': 1263491240336769026, 'id_str': '1263491240336769026', 'indices': [0, 14]}], 'urls': []}",3365,164,2022-10-10,,,0.0,0.0
139,elonmusk,@chicago_glenn @neiltyson Strange @Twitter,1579262341904203777,"{'hashtags': [], 'symbols': [], 'user_mentions': [{'screen_name': 'chicago_glenn', 'name': '‚ú®Chicago‚ú®', 'id': 924966648922157056, 'id_str': '924966648922157056', 'indices': [0, 14]}, {'screen_name': 'neiltyson', 'name': 'Neil deGrasse Tyson', 'id': 19725644, 'id_str': '19725644', 'indices': [15, 25]}, {'screen_name': 'Twitter', 'name': 'Twitter', 'id': 783214, 'id_str': '783214', 'indices': [34, 42]}], 'urls': []}",3328,162,2022-10-10,,,-0.05,0.15
140,elonmusk,"@WholeMarsBlog I have no desire to become involved in wars, but it is safe to say that all bets are off if the nukes start flying",1579258883977416705,"{'hashtags': [], 'symbols': [], 'user_mentions': [{'screen_name': 'WholeMarsBlog', 'name': 'Whole Mars Catalog', 'id': 1263491240336769026, 'id_str': '1263491240336769026', 'indices': [0, 14]}], 'urls': []}",96657,6669,2022-10-09,,,0.5,0.5
141,elonmusk,@Teslarati Strong candidate to win most counter-intuitive product of the year!,1579235577492574209,"{'hashtags': [], 'symbols': [], 'user_mentions': [{'screen_name': 'Teslarati', 'name': 'TESLARATI', 'id': 1308211178, 'id_str': '1308211178', 'indices': [0, 10]}], 'urls': []}",13556,489,2022-10-09,,,0.6194444444444445,0.5444444444444444
142,elonmusk,@MuskUniversity Important to bear in mind when reading anything,1579234398871769088,"{'hashtags': [], 'symbols': [], 'user_mentions': [{'screen_name': 'MuskUniversity', 'name': 'Musk University | Quotes', 'id': 1495956968640421893, 'id_str': '1495956968640421893', 'indices': [0, 15]}], 'urls': []}",24282,1275,2022-10-09,,,0.4,1.0
143,elonmusk,"@neiltyson Indeed, that kinetic energy scales with the square of velocity is not well-appreciated!

A sealed escape pod with a heat shield would probably work.",1579233321631985664,"{'hashtags': [], 'symbols': [], 'user_mentions': [{'screen_name': 'neiltyson', 'name': 'Neil deGrasse Tyson', 'id': 19725644, 'id_str': '19725644', 'indices': [0, 10]}], 'urls': []}",22964,898,2022-10-09,,,0.0,0.0
144,elonmusk,@lexfridman So many blind spots,1579231853789450240,"{'hashtags': [], 'symbols': [], 'user_mentions': [{'screen_name': 'lexfridman', 'name': 'Lex Fridman', 'id': 427089628, 'id_str': '427089628', 'indices': [0, 11]}], 'urls': []}",47189,1632,2022-10-09,,,0.0,0.5833333333333333
145,elonmusk,@EPavlic @boringcompany üéØ,1579117097011281922,"{'hashtags': [], 'symbols': [], 'user_mentions': [{'screen_name': 'EPavlic', 'name': 'Endrina Pavliƒá', 'id': 2694896014, 'id_str': '2694896014', 'indices': [0, 8]}, {'screen_name': 'boringcompany', 'name': 'The Boring Company', 'id': 859816394556284929, 'id_str': '859816394556284929', 'indices': [9, 23]}], 'urls': []}",4913,159,2022-10-09,,,0.0,0.0
146,elonmusk,"@spideycyp_155 @EvaFoxU There are ~25k terminals in Ukraine, but each terminal can be used to provide an Internet uplink to a cell phone tower, so potentially several thousand people can be served by a single terminal",1579116633947525122,"{'hashtags': [], 'symbols': [], 'user_mentions': [{'screen_name': 'spideycyp_155', 'name': 'Spidey_ElonFan', 'id': 1492510878323081216, 'id_str': '1492510878323081216', 'indices': [0, 14]}, {'screen_name': 'EvaFoxU', 'name': 'Evangeliona ü¶äClaudius Nero‚Äôs Legion üê∫', 'id': 959471389282578432, 'id_str': '959471389282578432', 'indices': [15, 23]}], 'urls': []}",4151,340,2022-10-09,,,-0.03571428571428571,0.10714285714285714
147,elonmusk,Coming soon from The @BoringCompany https://t.co/cNIbFRRXyt,1579114131155623936,"{'hashtags': [], 'symbols': [], 'user_mentions': [{'screen_name': 'boringcompany', 'name': 'The Boring Company', 'id': 859816394556284929, 'id_str': '859816394556284929', 'indices': [21, 35]}], 'urls': [], 'media': [{'id': 1579114127468937216, 'id_str': '1579114127468937216', 'indices': [36, 59], 'media_url': 'http://pbs.twimg.com/media/Feoj7rOWQAAPBna.jpg', 'media_url_https': 'https://pbs.twimg.com/media/Feoj7rOWQAAPBna.jpg', 'url': 'https://t.co/cNIbFRRXyt', 'display_url': 'pic.twitter.com/cNIbFRRXyt', 'expanded_url': 'https://twitter.com/elonmusk/status/1579114131155623936/photo/1', 'type': 'photo', 'sizes': {'thumb': {'w': 150, 'h': 150, 'resize': 'crop'}, 'medium': {'w': 600, 'h': 627, 'resize': 'fit'}, 'small': {'w': 600, 'h': 627, 'resize': 'fit'}, 'large': {'w': 600, 'h': 627, 'resize': 'fit'}}}]}",66501,4225,2022-10-09,,,0.0,0.0
148,elonmusk,"@Scobleizer Yup, it will float",1579109369190682624,"{'hashtags': [], 'symbols': [], 'user_mentions': [{'screen_name': 'Scobleizer', 'name': 'Robert Scoble', 'id': 13348, 'id_str': '13348', 'indices': [0, 11]}], 'urls': []}",4371,239,2022-10-09,,,0.0,0.0
149,elonmusk,@spideycyp_155 @MirrorinSpace @NASAEarthMars Too busy trying to survive at the time,1579107405161705473,"{'hashtags': [], 'symbols': [], 'user_mentions': [{'screen_name': 'spideycyp_155', 'name': 'Spidey_ElonFan', 'id': 1492510878323081216, 'id_str': '1492510878323081216', 'indices': [0, 14]}, {'screen_name': 'MirrorinSpace', 'name': 'Cyborg Werewolf', 'id': 1472769598248218624, 'id_str': '1472769598248218624', 'indices': [15, 29]}, {'screen_name': 'NASAEarthMars', 'name': 'Vaibhav Balghare', 'id': 1564615945401692169, 'id_str': '1564615945401692169', 'indices': [30, 44]}], 'urls': []}",2594,130,2022-10-09,,,0.1,0.3
150,elonmusk,@MirrorinSpace @NASAEarthMars They were invited to further their career elsewhere,1579106891422400512,"{'hashtags': [], 'symbols': [], 'user_mentions': [{'screen_name': 'MirrorinSpace', 'name': 'Cyborg Werewolf', 'id': 1472769598248218624, 'id_str': '1472769598248218624', 'indices': [0, 14]}, {'screen_name': 'NASAEarthMars', 'name': 'Vaibhav Balghare', 'id': 1564615945401692169, 'id_str': '1564615945401692169', 'indices': [15, 29]}], 'urls': []}",2202,92,2022-10-09,,,0.0,0.5
151,elonmusk,@ace_constantine @NASAEarthMars There is a giant 30ft (literal) fork in the road outside the Autopilot office in Palo Alto,1579106049247674368,"{'hashtags': [], 'symbols': [], 'user_mentions': [{'screen_name': 'ace_constantine', 'name': 'ace constantine', 'id': 28841476, 'id_str': '28841476', 'indices': [0, 16]}, {'screen_name': 'NASAEarthMars', 'name': 'Vaibhav Balghare', 'id': 1564615945401692169, 'id_str': '1564615945401692169', 'indices': [17, 31]}], 'urls': []}",2474,157,2022-10-09,,,0.0,0.525
152,elonmusk,@SirineAti @NASAEarthMars Mine,1579105206004252677,"{'hashtags': [], 'symbols': [], 'user_mentions': [{'screen_name': 'SirineAti', 'name': ""üí´Sirinaüí´ü¶ä Claudius Nero's Legionüê∫"", 'id': 1285872552766734346, 'id_str': '1285872552766734346', 'indices': [0, 10]}, {'screen_name': 'NASAEarthMars', 'name': 'Vaibhav Balghare', 'id': 1564615945401692169, 'id_str': '1564615945401692169', 'indices': [11, 25]}], 'urls': []}",2417,94,2022-10-09,,,0.0,0.0
153,elonmusk,@ace_constantine @NASAEarthMars I love the inverse poetry of making metaphors literal,1579103991161843712,"{'hashtags': [], 'symbols': [], 'user_mentions': [{'screen_name': 'ace_constantine', 'name': 'ace constantine', 'id': 28841476, 'id_str': '28841476', 'indices': [0, 16]}, {'screen_name': 'NASAEarthMars', 'name': 'Vaibhav Balghare', 'id': 1564615945401692169, 'id_str': '1564615945401692169', 'indices': [17, 31]}], 'urls': []}",3072,189,2022-10-09,,,0.5,0.6
154,elonmusk,"@NASAEarthMars That is quite an interesting story. We sent what appeared to be identical emails to all, but each was actually coded with either one or two spaces between sentences, forming a binary signature that identified the leaker.",1579101966453858305,"{'hashtags': [], 'symbols': [], 'user_mentions': [{'screen_name': 'NASAEarthMars', 'name': 'Vaibhav Balghare', 'id': 1564615945401692169, 'id_str': '1564615945401692169', 'indices': [0, 14]}], 'urls': []}",4970,386,2022-10-09,,,0.25,0.3
155,elonmusk,Because it runs recursively,1579100345472782337,"{'hashtags': [], 'symbols': [], 'user_mentions': [], 'urls': []}",38023,1686,2022-10-09,,,0.0,0.0
156,elonmusk,@tegmark Nuclear war probability is rising rapidly,1579099787864903680,"{'hashtags': [], 'symbols': [], 'user_mentions': [{'screen_name': 'tegmark', 'name': 'Max Tegmark', 'id': 2530947115, 'id_str': '2530947115', 'indices': [0, 8]}], 'urls': []}",87390,11617,2022-10-09,,,0.0,0.0
157,elonmusk,An eye for an eye leaves everyone blind https://t.co/pQztPvR4uI,1579099265401778176,"{'hashtags': [], 'symbols': [], 'user_mentions': [], 'urls': [], 'media': [{'id': 1579099256119500802, 'id_str': '1579099256119500802', 'indices': [40, 63], 'media_url': 'http://pbs.twimg.com/media/FeoWaDIWIAI451i.jpg', 'media_url_https': 'https://pbs.twimg.com/media/FeoWaDIWIAI451i.jpg', 'url': 'https://t.co/pQztPvR4uI', 'display_url': 'pic.twitter.com/pQztPvR4uI', 'expanded_url': 'https://twitter.com/elonmusk/status/1579099265401778176/photo/1', 'type': 'photo', 'sizes': {'thumb': {'w': 150, 'h': 150, 'resize': 'crop'}, 'medium': {'w': 828, 'h': 576, 'resize': 'fit'}, 'large': {'w': 828, 'h': 576, 'resize': 'fit'}, 'small': {'w': 680, 'h': 473, 'resize': 'fit'}}}]}",96350,11562,2022-10-09,,,-0.5,0.6666666666666666
158,elonmusk,@EvaFoxU Perhaps we can talk again today?,1579098607516798977,"{'hashtags': [], 'symbols': [], 'user_mentions': [{'screen_name': 'EvaFoxU', 'name': 'Eva Fox ü¶äClaudius Nero‚Äôs Legion üê∫', 'id': 959471389282578432, 'id_str': '959471389282578432', 'indices': [0, 8]}], 'urls': []}",2901,116,2022-10-09,,,0.0,0.0
159,elonmusk,"@spideycyp_155 @EvaFoxU True, Starlink provided a decisive battlefield advantage",1579096952981327875,"{'hashtags': [], 'symbols': [], 'user_mentions': [{'screen_name': 'spideycyp_155', 'name': 'Spidey_ElonFan', 'id': 1492510878323081216, 'id_str': '1492510878323081216', 'indices': [0, 14]}, {'screen_name': 'EvaFoxU', 'name': 'Eva Fox ü¶äClaudius Nero‚Äôs Legion üê∫', 'id': 959471389282578432, 'id_str': '959471389282578432', 'indices': [15, 23]}], 'urls': []}",5355,281,2022-10-09,,,0.35,0.65
160,elonmusk,@EvaFoxU I‚Äôve been up all night trying to think of any possible way to de-escalate this war,1579094238998171648,"{'hashtags': [], 'symbols': [], 'user_mentions': [{'screen_name': 'EvaFoxU', 'name': 'Evangeliona ü¶äClaudius Nero‚Äôs Legion üê∫', 'id': 959471389282578432, 'id_str': '959471389282578432', 'indices': [0, 8]}], 'urls': []}",24749,2618,2022-10-09,,,0.0,1.0
161,elonmusk,@EvaFoxU Feels so long ago. A pleasant memory :),1579092771356516355,"{'hashtags': [], 'symbols': [], 'user_mentions': [{'screen_name': 'EvaFoxU', 'name': 'Eva Fox ü¶äClaudius Nero‚Äôs Legion üê∫', 'id': 959471389282578432, 'id_str': '959471389282578432', 'indices': [0, 8]}], 'urls': []}",15700,474,2022-10-09,,,0.3944444444444444,0.7888888888888889
162,elonmusk,https://t.co/VvGa39qAyE,1579067179659845633,"{'hashtags': [], 'symbols': [], 'user_mentions': [], 'urls': [], 'media': [{'id': 1579067167559061506, 'id_str': '1579067167559061506', 'indices': [0, 23], 'media_url': 'http://pbs.twimg.com/media/Fen5OP7XEAI1aPM.jpg', 'media_url_https': 'https://pbs.twimg.com/media/Fen5OP7XEAI1aPM.jpg', 'url': 'https://t.co/VvGa39qAyE', 'display_url': 'pic.twitter.com/VvGa39qAyE', 'expanded_url': 'https://twitter.com/elonmusk/status/1579067179659845633/photo/1', 'type': 'photo', 'sizes': {'small': {'w': 530, 'h': 680, 'resize': 'fit'}, 'thumb': {'w': 150, 'h': 150, 'resize': 'crop'}, 'medium': {'w': 935, 'h': 1200, 'resize': 'fit'}, 'large': {'w': 935, 'h': 1200, 'resize': 'fit'}}}]}",102046,7270,2022-10-09,,,0.0,0.0
163,elonmusk,@NASASpaceflight Double-header,1578896527229321216,"{'hashtags': [], 'symbols': [], 'user_mentions': [{'screen_name': 'NASASpaceflight', 'name': 'Chris Bergin - NSF', 'id': 21292523, 'id_str': '21292523', 'indices': [0, 16]}], 'urls': []}",11633,530,2022-10-08,,,0.0,0.0
164,elonmusk,@davidmarcus @PayPal Agreed,1578815879445217280,"{'hashtags': [], 'symbols': [], 'user_mentions': [{'screen_name': 'davidmarcus', 'name': 'David Marcus', 'id': 1237411, 'id_str': '1237411', 'indices': [0, 12]}, {'screen_name': 'PayPal', 'name': 'PayPal', 'id': 30018058, 'id_str': '30018058', 'indices': [13, 20]}], 'urls': []}",33569,2559,2022-10-08,,,0.0,0.0
165,elonmusk,@Rainmaker1973 Beautiful,1578815793776979968,"{'hashtags': [], 'symbols': [], 'user_mentions': [{'screen_name': 'Rainmaker1973', 'name': 'Massimo', 'id': 177101260, 'id_str': '177101260', 'indices': [0, 14]}], 'urls': []}",27070,760,2022-10-08,,,0.85,1.0
166,elonmusk,@andst7 üíØ,1578803070963658753,"{'hashtags': [], 'symbols': [], 'user_mentions': [{'screen_name': 'andst7', 'name': ""Septimus üê∫ Claudius Nero's Legion üê∫"", 'id': 541882699, 'id_str': '541882699', 'indices': [0, 7]}], 'urls': []}",26168,1116,2022-10-08,,,0.0,0.0
167,elonmusk,"@kanyewest Welcome back to Twitter, my friend!",1578769394536452097,"{'hashtags': [], 'symbols': [], 'user_mentions': [{'screen_name': 'kanyewest', 'name': 'ye', 'id': 169686021, 'id_str': '169686021', 'indices': [0, 10]}], 'urls': []}",489241,27250,2022-10-08,,,0.4,0.45
168,elonmusk,@muskQu0tes üíØ,1578604673178947585,"{'hashtags': [], 'symbols': [], 'user_mentions': [{'screen_name': 'muskQu0tes', 'name': 'Elon Musk Quotes', 'id': 1564277306641698817, 'id_str': '1564277306641698817', 'indices': [0, 11]}], 'urls': []}",23720,758,2022-10-08,,,0.0,0.0
169,elonmusk,"@wintonARK Dojo uses bf16, so actual performance difference vs 64 bit is much less than it would seem, since you truncate so many useless zeroes &amp; round from there",1578564011859533824,"{'hashtags': [], 'symbols': [], 'user_mentions': [{'screen_name': 'wintonARK', 'name': 'Brett Winton', 'id': 760345658, 'id_str': '760345658', 'indices': [0, 10]}], 'urls': []}",5704,385,2022-10-08,,,-0.07333333333333333,0.2533333333333333
170,elonmusk,@sashayanshin ü§£,1578562473984393217,"{'hashtags': [], 'symbols': [], 'user_mentions': [{'screen_name': 'sashayanshin', 'name': 'Sasha Yanshin', 'id': 121248904, 'id_str': '121248904', 'indices': [0, 13]}], 'urls': []}",78367,1948,2022-10-08,,,0.0,0.0
171,elonmusk,@SirineAti @SpaceX Two Dragons on @Space_Station,1578561669466398720,"{'hashtags': [], 'symbols': [], 'user_mentions': [{'screen_name': 'SirineAti', 'name': ""üí´Sirinaüí´ü¶ä Claudius Nero's Legionüê∫"", 'id': 1285872552766734346, 'id_str': '1285872552766734346', 'indices': [0, 10]}, {'screen_name': 'SpaceX', 'name': 'SpaceX', 'id': 34743251, 'id_str': '34743251', 'indices': [11, 18]}, {'screen_name': 'Space_Station', 'name': 'International Space Station', 'id': 1451773004, 'id_str': '1451773004', 'indices': [34, 48]}], 'urls': []}",16517,697,2022-10-08,,,0.0,0.0
172,elonmusk,@Teslarati @ajtourville @JohnnaCrider1 Can‚Äôt wait to see this beast in action!,1578503339968696320,"{'hashtags': [], 'symbols': [], 'user_mentions': [{'screen_name': 'Teslarati', 'name': 'TESLARATI', 'id': 1308211178, 'id_str': '1308211178', 'indices': [0, 10]}, {'screen_name': 'ajtourville', 'name': 'ALEX', 'id': 874776246592430080, 'id_str': '874776246592430080', 'indices': [11, 23]}, {'screen_name': 'JohnnaCrider1', 'name': 'Johnna Crider', 'id': 1957568797, 'id_str': '1957568797', 'indices': [24, 38]}], 'urls': []}",15149,808,2022-10-07,,,0.125,0.1
173,elonmusk,@WholeMarsBlog Even better build coming next week,1578478096314880000,"{'hashtags': [], 'symbols': [], 'user_mentions': [{'screen_name': 'WholeMarsBlog', 'name': 'Whole Mars Catalog', 'id': 1263491240336769026, 'id_str': '1263491240336769026', 'indices': [0, 14]}], 'urls': []}",14961,756,2022-10-07,,,0.25,0.25
174,elonmusk,"@dogeofficialceo @spideycyp_155 @SawyerMerritt @ChristopherJM @FT @MehulAtLarge @felschwartz Quite a few. Trying to do the right thing, which is not always clear.",1578440049594880002,"{'hashtags': [], 'symbols': [], 'user_mentions': [{'screen_name': 'dogeofficialceo', 'name': 'Sir Doge of the Coin ‚öîÔ∏è', 'id': 1355945100216573952, 'id_str': '1355945100216573952', 'indices': [0, 16]}, {'screen_name': 'spideycyp_155', 'name': 'Spidey_ElonFan', 'id': 1492510878323081216, 'id_str': '1492510878323081216', 'indices': [17, 31]}, {'screen_name': 'SawyerMerritt', 'name': 'Sawyer Merritt', 'id': 243013409, 'id_str': '243013409', 'indices': [32, 46]}, {'screen_name': 'ChristopherJM', 'name': 'Christopher Miller', 'id': 16827148, 'id_str': '16827148', 'indices': [47, 61]}, {'screen_name': 'FT', 'name': 'Financial Times', 'id': 18949452, 'id_str': '18949452', 'indices': [62, 65]}, {'screen_name': 'MehulAtLarge', 'name': 'Mehul Srivastava', 'id': 141429080, 'id_str': '141429080', 'indices': [66, 79]}, {'screen_name': 'felschwartz', 'name': 'Felicia Schwartz', 'id': 112597035, 'id_str': '112597035', 'indices': [80, 92]}], 'urls': []}",5826,358,2022-10-07,,,0.06190476190476191,0.33968253968253964
175,elonmusk,@spideycyp_155 @SawyerMerritt @ChristopherJM @FT @MehulAtLarge @felschwartz I am in regular contact with Fedorov,1578438980743200768,"{'hashtags': [], 'symbols': [], 'user_mentions': [{'screen_name': 'spideycyp_155', 'name': 'Spidey_ElonFan', 'id': 1492510878323081216, 'id_str': '1492510878323081216', 'indices': [0, 14]}, {'screen_name': 'SawyerMerritt', 'name': 'Sawyer Merritt', 'id': 243013409, 'id_str': '243013409', 'indices': [15, 29]}, {'screen_name': 'ChristopherJM', 'name': 'Christopher Miller', 'id': 16827148, 'id_str': '16827148', 'indices': [30, 44]}, {'screen_name': 'FT', 'name': 'Financial Times', 'id': 18949452, 'id_str': '18949452', 'indices': [45, 48]}, {'screen_name': 'MehulAtLarge', 'name': 'Mehul Srivastava', 'id': 141429080, 'id_str': '141429080', 'indices': [49, 62]}, {'screen_name': 'felschwartz', 'name': 'Felicia Schwartz', 'id': 112597035, 'id_str': '112597035', 'indices': [63, 75]}], 'urls': []}",4062,179,2022-10-07,,,0.0,0.07692307692307693
176,elonmusk,"@ChristopherJM @FT @MehulAtLarge @felschwartz Bad reporting by FT. This article falsely claims that Starlink terminals &amp; service were paid for, when only a small percentage have been. 

This operation has cost SpaceX $80M &amp; will exceed $100M by end of year.

As for what‚Äôs happening on the battlefield, that‚Äôs classified.",1578433482757271552,"{'hashtags': [], 'symbols': [], 'user_mentions': [{'screen_name': 'ChristopherJM', 'name': 'Christopher Miller', 'id': 16827148, 'id_str': '16827148', 'indices': [0, 14]}, {'screen_name': 'FT', 'name': 'Financial Times', 'id': 18949452, 'id_str': '18949452', 'indices': [15, 18]}, {'screen_name': 'MehulAtLarge', 'name': 'Mehul Srivastava', 'id': 141429080, 'id_str': '141429080', 'indices': [19, 32]}, {'screen_name': 'felschwartz', 'name': 'Felicia Schwartz', 'id': 112597035, 'id_str': '112597035', 'indices': [33, 45]}], 'urls': []}",37330,3875,2022-10-07,,,-0.33749999999999997,0.6666666666666666
177,elonmusk,@skorusARK Starlink will provide the vast majority of bandwidth from space,1578409767793561601,"{'hashtags': [], 'symbols': [], 'user_mentions': [{'screen_name': 'skorusARK', 'name': 'Sam Korus', 'id': 2263437272, 'id_str': '2263437272', 'indices': [0, 10]}], 'urls': []}",2865,196,2022-10-07,,,0.0,1.0
178,elonmusk,"@RGVaerialphotos You‚Äôd need an electric propeller mounted on the tow hitch to go faster than a few knots. 

There might a creative wheel hub design that can generate meaningful thrust.",1578407554136276992,"{'hashtags': [], 'symbols': [], 'user_mentions': [{'screen_name': 'RGVaerialphotos', 'name': 'RGV Aerial Photography', 'id': 752724282925412352, 'id_str': '752724282925412352', 'indices': [0, 16]}], 'urls': []}",3315,239,2022-10-07,,,0.26666666666666666,0.5333333333333333
179,elonmusk,@EvaFoxU Norway rocks! ‚ô•Ô∏è‚ô•Ô∏è üá≥üá¥ üá≥üá¥,1578392575257546752,"{'hashtags': [], 'symbols': [], 'user_mentions': [{'screen_name': 'EvaFoxU', 'name': 'Evangeliona ü¶äClaudius Nero‚Äôs Legion üê∫', 'id': 959471389282578432, 'id_str': '959471389282578432', 'indices': [0, 8]}], 'urls': []}",21764,842,2022-10-07,,,0.0,0.0
180,elonmusk,"In case you missed Tesla AI Day 2022
https://t.co/Sbu0peXpY1",1578387441332928513,"{'hashtags': [], 'symbols': [], 'user_mentions': [], 'urls': [{'url': 'https://t.co/Sbu0peXpY1', 'expanded_url': 'https://m.youtube.com/watch?v=ODSJsviD_SU&t=1s', 'display_url': 'm.youtube.com/watch?v=ODSJsv‚Ä¶', 'indices': [37, 60]}]}",42505,3041,2022-10-07,,,0.0,0.0
181,elonmusk,@skorusARK Satellite constellation capability comes down to tonnage to orbit per year times capability per ton,1578377847588143106,"{'hashtags': [], 'symbols': [], 'user_mentions': [{'screen_name': 'skorusARK', 'name': 'Sam Korus', 'id': 2263437272, 'id_str': '2263437272', 'indices': [0, 10]}], 'urls': []}",4559,283,2022-10-07,,,-0.15555555555555559,0.2888888888888889
182,elonmusk,SpaceX Dragon docking with @Space_Station (extended video) https://t.co/AFBDKHddgI,1578277238465712128,"{'hashtags': [], 'symbols': [], 'user_mentions': [{'screen_name': 'Space_Station', 'name': 'International Space Station', 'id': 1451773004, 'id_str': '1451773004', 'indices': [27, 41]}], 'urls': [], 'media': [{'id': 1578276676928159746, 'id_str': '1578276676928159746', 'indices': [59, 82], 'media_url': 'http://pbs.twimg.com/ext_tw_video_thumb/1578276676928159746/pu/img/8b-bpq0bf1Gfc4Lx.jpg', 'media_url_https': 'https://pbs.twimg.com/ext_tw_video_thumb/1578276676928159746/pu/img/8b-bpq0bf1Gfc4Lx.jpg', 'url': 'https://t.co/AFBDKHddgI', 'display_url': 'pic.twitter.com/AFBDKHddgI', 'expanded_url': 'https://twitter.com/elonmusk/status/1578277238465712128/video/1', 'type': 'photo', 'sizes': {'thumb': {'w': 150, 'h': 150, 'resize': 'crop'}, 'medium': {'w': 1200, 'h': 675, 'resize': 'fit'}, 'small': {'w': 680, 'h': 383, 'resize': 'fit'}, 'large': {'w': 1280, 'h': 720, 'resize': 'fit'}}}]}",56586,6256,2022-10-07,,,0.0,0.0
183,elonmusk,@Teslaconomics Very intense 7 days indeed,1578254096858943489,"{'hashtags': [], 'symbols': [], 'user_mentions': [{'screen_name': 'Teslaconomics', 'name': 'Teslaconomics', 'id': 985243593538338816, 'id_str': '985243593538338816', 'indices': [0, 14]}], 'urls': []}",29986,1079,2022-10-07,,,0.26,1.0
184,elonmusk,@alifarhat79 @NotParagAgrawal ü§£,1578237770069200896,"{'hashtags': [], 'symbols': [], 'user_mentions': [{'screen_name': 'alifarhat79', 'name': 'Not Jerome Powell', 'id': 105852422, 'id_str': '105852422', 'indices': [0, 12]}, {'screen_name': 'NotParagAgrawal', 'name': 'Not Parag Agrawal', 'id': 1448271795505741833, 'id_str': '1448271795505741833', 'indices': [13, 29]}], 'urls': []}",23596,591,2022-10-07,,,0.0,0.0
185,elonmusk,@BillyM2k ü§£üíØ,1578236843409162243,"{'hashtags': [], 'symbols': [], 'user_mentions': [{'screen_name': 'BillyM2k', 'name': 'Shibetoshi Nakamoto', 'id': 30699048, 'id_str': '30699048', 'indices': [0, 9]}], 'urls': []}",15896,474,2022-10-07,,,0.0,0.0
186,elonmusk,"@stevenmarkryan @nichegamer @Twitter Personally, I like the latter, but to each their own",1578189382812508160,"{'hashtags': [], 'symbols': [], 'user_mentions': [{'screen_name': 'stevenmarkryan', 'name': 'stevenmarkryan', 'id': 31263848, 'id_str': '31263848', 'indices': [0, 15]}, {'screen_name': 'nichegamer', 'name': 'Niche Gamer', 'id': 1558996520, 'id_str': '1558996520', 'indices': [16, 27]}, {'screen_name': 'Twitter', 'name': 'Twitter', 'id': 783214, 'id_str': '783214', 'indices': [28, 36]}], 'urls': []}",4119,216,2022-10-07,,,0.19999999999999998,0.43333333333333335
187,elonmusk,@stevenmarkryan @nichegamer @Twitter I think being able to dial the content you see from ‚Äúwarm &amp; fuzzy‚Äù all the way to ‚Äúbring it on mf!‚Äù is the way to go,1578188951588073472,"{'hashtags': [], 'symbols': [], 'user_mentions': [{'screen_name': 'stevenmarkryan', 'name': 'stevenmarkryan', 'id': 31263848, 'id_str': '31263848', 'indices': [0, 15]}, {'screen_name': 'nichegamer', 'name': 'Niche Gamer', 'id': 1558996520, 'id_str': '1558996520', 'indices': [16, 27]}, {'screen_name': 'Twitter', 'name': 'Twitter', 'id': 783214, 'id_str': '783214', 'indices': [28, 36]}], 'urls': []}",7087,743,2022-10-07,,,0.625,0.6125
188,elonmusk,"@nichegamer @Twitter Software engineering, server operations &amp; design will rule the roost",1578184037776216064,"{'hashtags': [], 'symbols': [], 'user_mentions': [{'screen_name': 'nichegamer', 'name': 'Niche Gamer', 'id': 1558996520, 'id_str': '1558996520', 'indices': [0, 11]}, {'screen_name': 'Twitter', 'name': 'Twitter', 'id': 783214, 'id_str': '783214', 'indices': [12, 20]}], 'urls': []}",3243,265,2022-10-07,,,0.0,0.0
189,elonmusk,@nichegamer @Twitter There will be very rapid product evolution,1578183522518413313,"{'hashtags': [], 'symbols': [], 'user_mentions': [{'screen_name': 'nichegamer', 'name': 'Niche Gamer', 'id': 1558996520, 'id_str': '1558996520', 'indices': [0, 11]}, {'screen_name': 'Twitter', 'name': 'Twitter', 'id': 783214, 'id_str': '783214', 'indices': [12, 20]}], 'urls': []}",3253,255,2022-10-07,,,0.2,0.3
